NOC,Year,Actual_Total,Pred_Total,Diff_Total,Actual_Gold,Pred_Gold,Diff_Gold
AHO,2000,0,0.0,0.0,0,0.0,0.0
ALB,2000,0,0.0,0.0,0,0.0,0.0
ALG,2000,5,1.86,3.1399999999999997,1,1.24,-0.24
AND,2000,0,0.0,0.0,0,0.0,0.0
ANG,2000,0,0.0,0.0,0,0.0,0.0
ANT,2000,0,0.0,0.0,0,0.0,0.0
ARG,2000,4,13.2,-9.2,0,0.0,0.0
ARM,2000,1,1.14,-0.1399999999999999,0,0.57,-0.57
ARU,2000,0,0.0,0.0,0,0.0,0.0
ASA,2000,0,0.0,0.0,0,0.0,0.0
AUS,2000,72,37.2,34.8,16,8.68,7.32
AUT,2000,4,2.07,1.9300000000000002,3,0.0,3.0
AZE,2000,3,0.68,2.32,2,0.0,2.0
BAH,2000,11,3.25,7.75,6,0.0,6.0
BAN,2000,0,0.0,0.0,0,0.0,0.0
BAR,2000,1,0.0,1.0,0,0.0,0.0
BDI,2000,0,0.61,-0.61,0,0.61,-0.61
BEL,2000,7,3.05,3.95,0,0.61,-0.61
BEN,2000,0,0.0,0.0,0,0.0,0.0
BER,2000,0,0.0,0.0,0,0.0,0.0
BHU,2000,0,0.0,0.0,0,0.0,0.0
BIH,2000,0,0.0,0.0,0,0.0,0.0
BIZ,2000,0,0.0,0.0,0,0.0,0.0
BLR,2000,22,15.64,6.359999999999999,3,0.68,2.32
BOL,2000,0,0.0,0.0,0,0.0,0.0
BOT,2000,0,0.0,0.0,0,0.0,0.0
BRA,2000,44,35.4,8.600000000000001,0,2.95,-2.95
BRN,2000,0,0.0,0.0,0,0.0,0.0
BRU,2000,0,0.0,0.0,0,0.0,0.0
BUL,2000,13,11.34,1.6600000000000001,5,1.62,3.38
BUR,2000,0,0.0,0.0,0,0.0,0.0
CAF,2000,0,0.0,0.0,0,0.0,0.0
CAM,2000,0,0.0,0.0,0,0.0,0.0
CAN,2000,17,22.2,-5.199999999999999,4,4.8,-0.7999999999999998
CAY,2000,0,0.0,0.0,0,0.0,0.0
CGO,2000,0,0.0,0.0,0,0.0,0.0
CHA,2000,0,0.0,0.0,0,0.0,0.0
CHI,2000,17,0.0,17.0,0,0.0,0.0
CHN,2000,65,48.84,16.159999999999997,32,9.9,22.1
CIV,2000,0,0.0,0.0,0,0.0,0.0
CMR,2000,18,0.0,18.0,18,0.0,18.0
COD,2000,0,0.0,0.0,0,0.0,0.0
COK,2000,0,0.0,0.0,0,0.0,0.0
COL,2000,1,0.0,1.0,1,0.0,1.0
COM,2000,0,0.0,0.0,0,0.0,0.0
CPV,2000,0,0.0,0.0,0,0.0,0.0
CRC,2000,0,0.0,0.0,0,0.0,0.0
CRO,2000,10,9.44,0.5600000000000005,1,9.44,-8.44
CUB,2000,41,22.77,18.23,18,11.73,6.27
CYP,2000,0,0.0,0.0,0,0.0,0.0
CZE,2000,9,8.97,0.02999999999999936,2,2.76,-0.7599999999999998
DEN,2000,25,14.49,10.51,18,13.23,4.77
DJI,2000,0,0.0,0.0,0,0.0,0.0
DMA,2000,0,0.0,0.0,0,0.0,0.0
DOM,2000,0,0.0,0.0,0,0.0,0.0
ECU,2000,0,0.62,-0.62,0,0.62,-0.62
EGY,2000,0,0.0,0.0,0,0.0,0.0
ERI,2000,0,0.0,0.0,0,0.0,0.0
ESA,2000,0,0.0,0.0,0,0.0,0.0
ESP,2000,41,25.46,15.54,3,7.37,-4.37
EST,2000,3,0.0,3.0,1,0.0,1.0
ETH,2000,8,1.86,6.14,4,1.24,2.76
FIJ,2000,0,0.0,0.0,0,0.0,0.0
FIN,2000,5,1.62,3.38,3,0.54,2.46
FRA,2000,63,33.66,29.340000000000003,22,13.86,8.14
FSM,2000,0,0.0,0.0,0,0.0,0.0
GAB,2000,0,0.0,0.0,0,0.0,0.0
GAM,2000,0,0.0,0.0,0,0.0,0.0
GBR,2000,54,15.12,38.88,22,1.26,20.74
GBS,2000,0,0.0,0.0,0,0.0,0.0
GEO,2000,6,1.16,4.84,0,0.0,0.0
GEQ,2000,0,0.0,0.0,0,0.0,0.0
GER,2000,104,57.04,46.96,31,26.04,4.960000000000001
GHA,2000,0,0.0,0.0,0,0.0,0.0
GRE,2000,18,5.2,12.8,4,2.6,1.4
GRN,2000,0,0.0,0.0,0,0.0,0.0
GUA,2000,0,0.0,0.0,0,0.0,0.0
GUI,2000,0,0.0,0.0,0,0.0,0.0
GUM,2000,0,0.0,0.0,0,0.0,0.0
GUY,2000,0,0.0,0.0,0,0.0,0.0
HAI,2000,0,0.0,0.0,0,0.0,0.0
HKG,2000,0,0.62,-0.62,0,0.62,-0.62
HON,2000,0,0.0,0.0,0,0.0,0.0
HUN,2000,39,22.57,16.43,11,3.05,7.95
INA,2000,8,3.78,4.220000000000001,2,1.26,0.74
IND,2000,1,0.58,0.42000000000000004,0,0.0,0.0
IOA,2000,0,0.0,0.0,0,0.0,0.0
IRI,2000,4,1.86,2.1399999999999997,3,0.62,2.38
IRL,2000,1,0.0,1.0,0,0.0,0.0
IRQ,2000,0,0.0,0.0,0,0.0,0.0
ISL,2000,1,0.0,1.0,0,0.0,0.0
ISR,2000,1,0.68,0.31999999999999995,0,0.0,0.0
ISV,2000,0,0.0,0.0,0,0.0,0.0
ITA,2000,59,37.05,21.950000000000003,19,12.35,6.65
IVB,2000,0,0.0,0.0,0,0.0,0.0
JAM,2000,23,10.24,12.76,0,0.64,-0.64
JOR,2000,0,0.0,0.0,0,0.0,0.0
JPN,2000,11,9.62,1.3800000000000008,5,2.22,2.78
KAZ,2000,7,6.49,0.5099999999999998,3,1.77,1.23
KEN,2000,7,5.52,1.4800000000000004,2,0.69,1.31
KGZ,2000,1,0.0,1.0,0,0.0,0.0
KOR,2000,33,30.0,3.0,12,6.0,6.0
KSA,2000,2,0.0,2.0,0,0.0,0.0
KUW,2000,1,0.0,1.0,0,0.0,0.0
LAO,2000,0,0.0,0.0,0,0.0,0.0
LAT,2000,3,0.65,2.35,1,0.0,1.0
LBA,2000,0,0.0,0.0,0,0.0,0.0
LBR,2000,0,0.0,0.0,0,0.0,0.0
LCA,2000,0,0.0,0.0,0,0.0,0.0
LES,2000,0,0.0,0.0,0,0.0,0.0
LIB,2000,0,0.0,0.0,0,0.0,0.0
LIE,2000,0,0.0,0.0,0,0.0,0.0
LTU,2000,17,6.71,10.29,2,0.0,2.0
LUX,2000,0,0.0,0.0,0,0.0,0.0
MAD,2000,0,0.0,0.0,0,0.0,0.0
MAR,2000,5,1.24,3.76,0,0.0,0.0
MAS,2000,0,2.01,-2.01,0,0.0,0.0
MAW,2000,0,0.0,0.0,0,0.0,0.0
MDA,2000,2,1.86,0.1399999999999999,0,0.0,0.0
MDV,2000,0,0.0,0.0,0,0.0,0.0
MEX,2000,5,0.63,4.37,1,0.0,1.0
MGL,2000,0,0.75,-0.75,0,0.0,0.0
MKD,2000,1,0.0,1.0,0,0.0,0.0
MLI,2000,0,0.0,0.0,0,0.0,0.0
MLT,2000,0,0.0,0.0,0,0.0,0.0
MON,2000,0,0.0,0.0,0,0.0,0.0
MOZ,2000,1,0.6,0.4,1,0.0,1.0
MRI,2000,0,0.0,0.0,0,0.0,0.0
MTN,2000,0,0.0,0.0,0,0.0,0.0
MYA,2000,0,0.0,0.0,0,0.0,0.0
NAM,2000,0,1.2,-1.2,0,0.0,0.0
NCA,2000,0,0.0,0.0,0,0.0,0.0
NED,2000,31,26.52,4.48,6,14.96,-8.96
NEP,2000,0,0.0,0.0,0,0.0,0.0
NGR,2000,8,16.08,-8.079999999999998,6,11.39,-5.390000000000001
NIG,2000,0,0.0,0.0,0,0.0,0.0
NOR,2000,43,14.03,28.97,20,1.22,18.78
NRU,2000,0,0.0,0.0,0,0.0,0.0
NZL,2000,4,4.76,-0.7599999999999998,1,0.68,0.31999999999999995
OMA,2000,0,0.0,0.0,0,0.0,0.0
PAK,2000,0,0.0,0.0,0,0.0,0.0
PAN,2000,0,0.0,0.0,0,0.0,0.0
PAR,2000,0,0.0,0.0,0,0.0,0.0
PER,2000,0,0.0,0.0,0,0.0,0.0
PHI,2000,0,0.57,-0.57,0,0.0,0.0
PLE,2000,0,0.0,0.0,0,0.0,0.0
PLW,2000,0,0.0,0.0,0,0.0,0.0
PNG,2000,0,0.0,0.0,0,0.0,0.0
POL,2000,24,14.96,9.04,7,4.76,2.24
POR,2000,2,1.71,0.29000000000000004,0,0.57,-0.57
PRK,2000,4,3.05,0.9500000000000002,0,1.22,-1.22
PUR,2000,0,0.54,-0.54,0,0.0,0.0
QAT,2000,1,0.0,1.0,0,0.0,0.0
ROU,2000,42,23.56,18.44,25,8.06,16.939999999999998
RSA,2000,3,1.1,1.9,0,0.55,-0.55
RUS,2000,140,63.92,76.08,50,21.08,28.92
RWA,2000,0,0.0,0.0,0,0.0,0.0
SAM,2000,0,0.0,0.0,0,0.0,0.0
SCG,2000,12,17.68,-5.68,11,0.68,10.32
SEN,2000,0,0.0,0.0,0,0.0,0.0
SEY,2000,0,0.0,0.0,0,0.0,0.0
SGP,2000,0,0.0,0.0,0,0.0,0.0
SKN,2000,0,0.0,0.0,0,0.0,0.0
SLE,2000,0,0.0,0.0,0,0.0,0.0
SLO,2000,3,1.24,1.76,3,0.0,3.0
SMR,2000,0,0.0,0.0,0,0.0,0.0
SOL,2000,0,0.0,0.0,0,0.0,0.0
SOM,2000,0,0.0,0.0,0,0.0,0.0
SRI,2000,1,0.0,1.0,0,0.0,0.0
STP,2000,0,0.0,0.0,0,0.0,0.0
SUD,2000,0,0.0,0.0,0,0.0,0.0
SUI,2000,14,7.37,6.63,1,3.35,-2.35
SUR,2000,0,0.0,0.0,0,0.0,0.0
SVK,2000,4,1.62,2.38,2,0.54,1.46
SWE,2000,23,16.47,6.530000000000001,3,1.83,1.17
SWZ,2000,0,0.0,0.0,0,0.0,0.0
SYR,2000,0,0.63,-0.63,0,0.63,-0.63
TAN,2000,0,0.0,0.0,0,0.0,0.0
TGA,2000,0,0.67,-0.67,0,0.0,0.0
THA,2000,3,1.32,1.68,1,0.66,0.33999999999999997
TJK,2000,0,0.0,0.0,0,0.0,0.0
TKM,2000,0,0.0,0.0,0,0.0,0.0
TOG,2000,0,0.0,0.0,0,0.0,0.0
TPE,2000,5,0.6,4.4,0,0.0,0.0
TTO,2000,2,1.26,0.74,0,0.0,0.0
TUN,2000,0,0.66,-0.66,0,0.0,0.0
TUR,2000,5,3.72,1.2799999999999998,3,2.48,0.52
UAE,2000,0,0.0,0.0,0,0.0,0.0
UGA,2000,0,0.65,-0.65,0,0.0,0.0
UKR,2000,28,21.08,6.920000000000002,1,6.2,-5.2
URU,2000,1,0.0,1.0,0,0.0,0.0
USA,2000,123,106.4,16.599999999999994,53,60.9,-7.899999999999999
UZB,2000,4,1.44,2.56,1,0.0,1.0
VAN,2000,0,0.0,0.0,0,0.0,0.0
VEN,2000,0,0.0,0.0,0,0.0,0.0
VIE,2000,1,0.0,1.0,0,0.0,0.0
VIN,2000,0,0.0,0.0,0,0.0,0.0
YEM,2000,0,0.0,0.0,0,0.0,0.0
ZAM,2000,0,0.65,-0.65,0,0.0,0.0
ZIM,2000,0,0.0,0.0,0,0.0,0.0
AFG,2004,0,0.0,0.0,0,0.0,0.0
AHO,2004,0,0.0,0.0,0,0.0,0.0
ALB,2004,0,0.0,0.0,0,0.0,0.0
ALG,2004,0,3.92,-3.92,0,1.12,-1.12
AND,2004,0,0.0,0.0,0,0.0,0.0
ANG,2004,0,0.0,0.0,0,0.0,0.0
ANT,2004,0,0.0,0.0,0,0.0,0.0
ARG,2004,32,7.4,24.6,28,0.0,28.0
ARM,2004,0,1.11,-1.11,0,0.27,-0.27
ARU,2004,0,0.0,0.0,0,0.0,0.0
ASA,2004,0,0.0,0.0,0,0.0,0.0
AUS,2004,62,60.0,2.0,15,13.48,1.5199999999999996
AUT,2004,6,3.3,2.7,3,2.07,0.9300000000000002
AZE,2004,5,2.25,2.75,1,1.32,-0.32000000000000006
BAH,2004,2,8.25,-6.25,1,3.9,-2.9
BAN,2004,0,0.0,0.0,0,0.0,0.0
BAR,2004,0,0.58,-0.58,0,0.0,0.0
BDI,2004,0,0.24,-0.24,0,0.24,-0.24
BEL,2004,3,5.72,-2.7199999999999998,1,0.22,0.78
BEN,2004,0,0.0,0.0,0,0.0,0.0
BER,2004,0,0.0,0.0,0,0.0,0.0
BHU,2004,0,0.0,0.0,0,0.0,0.0
BIH,2004,0,0.0,0.0,0,0.0,0.0
BIZ,2004,0,0.0,0.0,0,0.0,0.0
BLR,2004,15,18.54,-3.539999999999999,2,1.93,0.07000000000000006
BOL,2004,0,0.0,0.0,0,0.0,0.0
BOT,2004,0,0.0,0.0,0,0.0,0.0
BRA,2004,40,41.56,-1.5600000000000023,18,1.3,16.7
BRN,2004,0,0.0,0.0,0,0.0,0.0
BRU,2004,0,0.0,0.0,0,0.0,0.0
BUL,2004,17,12.36,4.640000000000001,2,3.84,-1.8399999999999999
BUR,2004,0,0.0,0.0,0,0.0,0.0
CAF,2004,0,0.0,0.0,0,0.0,0.0
CAM,2004,0,0.0,0.0,0,0.0,0.0
CAN,2004,13,19.79,-6.789999999999999,3,4.48,-1.4800000000000004
CAY,2004,0,0.0,0.0,0,0.0,0.0
CGO,2004,0,0.0,0.0,0,0.0,0.0
CHA,2004,0,0.0,0.0,0,0.0,0.0
CHI,2004,4,10.2,-6.199999999999999,3,0.0,3.0
CHN,2004,75,56.76,18.240000000000002,42,22.8,19.2
CIV,2004,0,0.0,0.0,0,0.0,0.0
CMR,2004,1,11.52,-10.52,1,11.52,-10.52
COD,2004,0,0.0,0.0,0,0.0,0.0
COK,2004,0,0.0,0.0,0,0.0,0.0
COL,2004,2,0.7,1.3,0,0.7,-0.7
COM,2004,0,0.0,0.0,0,0.0,0.0
CPV,2004,0,0.0,0.0,0,0.0,0.0
CRC,2004,0,0.0,0.0,0,0.0,0.0
CRO,2004,20,10.16,9.84,15,4.76,10.24
CUB,2004,38,33.01,4.990000000000002,8,15.07,-7.07
CYP,2004,0,0.0,0.0,0,0.0,0.0
CZE,2004,13,8.97,4.029999999999999,1,2.26,-1.2599999999999998
DEN,2004,29,22.0,7.0,19,16.95,2.0500000000000007
DMA,2004,0,0.0,0.0,0,0.0,0.0
DOM,2004,1,0.0,1.0,1,0.0,1.0
ECU,2004,0,0.25,-0.25,0,0.25,-0.25
EGY,2004,5,0.0,5.0,1,0.0,1.0
ERI,2004,1,0.0,1.0,0,0.0,0.0
ESA,2004,0,0.0,0.0,0,0.0,0.0
ESP,2004,30,37.71,-7.710000000000001,4,3.91,0.08999999999999986
EST,2004,3,1.86,1.14,0,0.62,-0.62
ETH,2004,7,5.82,1.1799999999999997,2,3.0,-1.0
FIJ,2004,0,0.0,0.0,0,0.0,0.0
FIN,2004,2,3.7,-1.7000000000000002,0,2.02,-2.02
FRA,2004,47,52.8,-5.799999999999997,20,19.14,0.8599999999999994
FSM,2004,0,0.0,0.0,0,0.0,0.0
GAB,2004,0,0.0,0.0,0,0.0,0.0
GAM,2004,0,0.0,0.0,0,0.0,0.0
GBR,2004,53,39.96,13.04,17,14.88,2.119999999999999
GBS,2004,0,0.0,0.0,0,0.0,0.0
GEO,2004,4,4.04,-0.040000000000000036,2,0.0,2.0
GEQ,2004,0,0.0,0.0,0,0.0,0.0
GER,2004,96,88.72,7.280000000000001,24,31.11,-7.109999999999999
GHA,2004,0,0.0,0.0,0,0.0,0.0
GRE,2004,16,12.5,3.5,6,3.2,2.8
GRN,2004,0,0.0,0.0,0,0.0,0.0
GUA,2004,0,0.0,0.0,0,0.0,0.0
GUI,2004,0,0.0,0.0,0,0.0,0.0
GUM,2004,0,0.0,0.0,0,0.0,0.0
GUY,2004,0,0.0,0.0,0,0.0,0.0
HAI,2004,0,0.0,0.0,0,0.0,0.0
HKG,2004,2,0.18,1.82,0,0.18,-0.18
HON,2004,0,0.0,0.0,0,0.0,0.0
HUN,2004,25,34.95,-9.950000000000003,11,8.39,2.6099999999999994
INA,2004,5,6.56,-1.5599999999999996,1,1.74,-0.74
IND,2004,1,0.87,0.13,0,0.0,0.0
IRI,2004,6,3.06,2.94,2,2.02,-0.020000000000000018
IRL,2004,0,0.6,-0.6,0,0.0,0.0
IRQ,2004,0,0.0,0.0,0,0.0,0.0
ISL,2004,0,0.57,-0.57,0,0.0,0.0
ISR,2004,2,0.77,1.23,1,0.0,1.0
ISV,2004,0,0.0,0.0,0,0.0,0.0
ITA,2004,84,49.04,34.96,11,15.96,-4.960000000000001
IVB,2004,0,0.0,0.0,0,0.0,0.0
JAM,2004,13,17.13,-4.129999999999999,6,0.28,5.72
JOR,2004,0,0.0,0.0,0,0.0,0.0
JPN,2004,33,9.12,23.880000000000003,18,3.36,14.64
KAZ,2004,8,7.51,0.4900000000000002,1,2.79,-1.79
KEN,2004,7,6.25,0.75,1,1.49,-0.49
KGZ,2004,0,0.63,-0.63,0,0.0,0.0
KIR,2004,0,0.0,0.0,0,0.0,0.0
KOR,2004,52,34.64,17.36,14,10.06,3.9399999999999995
KSA,2004,0,1.3,-1.3,0,0.0,0.0
KUW,2004,0,0.69,-0.69,0,0.0,0.0
LAO,2004,0,0.0,0.0,0,0.0,0.0
LAT,2004,4,1.91,2.09,0,0.57,-0.57
LBA,2004,0,0.0,0.0,0,0.0,0.0
LBR,2004,0,0.0,0.0,0,0.0,0.0
LCA,2004,0,0.0,0.0,0,0.0,0.0
LES,2004,0,0.0,0.0,0,0.0,0.0
LIB,2004,0,0.0,0.0,0,0.0,0.0
LIE,2004,0,0.0,0.0,0,0.0,0.0
LTU,2004,3,13.54,-10.54,1,1.36,-0.3600000000000001
LUX,2004,0,0.0,0.0,0,0.0,0.0
MAD,2004,0,0.0,0.0,0,0.0,0.0
MAR,2004,3,3.75,-0.75,2,0.0,2.0
MAS,2004,0,0.69,-0.69,0,0.0,0.0
MAW,2004,0,0.0,0.0,0,0.0,0.0
MDA,2004,0,2.0,-2.0,0,0.0,0.0
MDV,2004,0,0.0,0.0,0,0.0,0.0
MEX,2004,4,3.54,0.45999999999999996,0,0.66,-0.66
MGL,2004,1,0.22,0.78,0,0.0,0.0
MKD,2004,0,0.67,-0.67,0,0.0,0.0
MLI,2004,0,0.0,0.0,0,0.0,0.0
MLT,2004,0,0.0,0.0,0,0.0,0.0
MON,2004,0,0.0,0.0,0,0.0,0.0
MOZ,2004,0,0.9,-0.9,0,0.61,-0.61
MRI,2004,0,0.0,0.0,0,0.0,0.0
MTN,2004,0,0.0,0.0,0,0.0,0.0
MYA,2004,0,0.0,0.0,0,0.0,0.0
NAM,2004,0,0.64,-0.64,0,0.0,0.0
NCA,2004,0,0.0,0.0,0,0.0,0.0
NED,2004,30,30.77,-0.7699999999999996,2,10.58,-8.58
NEP,2004,0,0.0,0.0,0,0.0,0.0
NGR,2004,8,10.72,-2.7200000000000006,0,7.8,-7.8
NIG,2004,0,0.0,0.0,0,0.0,0.0
NOR,2004,7,32.58,-25.58,5,13.24,-8.24
NRU,2004,0,0.0,0.0,0,0.0,0.0
NZL,2004,6,4.15,1.8499999999999996,4,0.88,3.12
OMA,2004,0,0.0,0.0,0,0.0,0.0
PAK,2004,0,0.0,0.0,0,0.0,0.0
PAN,2004,0,0.0,0.0,0,0.0,0.0
PAR,2004,17,0.0,17.0,0,0.0,0.0
PER,2004,0,0.0,0.0,0,0.0,0.0
PHI,2004,0,0.16,-0.16,0,0.0,0.0
PLE,2004,0,0.0,0.0,0,0.0,0.0
PLW,2004,0,0.0,0.0,0,0.0,0.0
PNG,2004,0,0.0,0.0,0,0.0,0.0
POL,2004,9,20.18,-11.18,3,6.02,-3.0199999999999996
POR,2004,3,2.03,0.9700000000000002,0,0.23,-0.23
PRK,2004,5,3.75,1.25,0,0.38,-0.38
PUR,2004,0,0.22,-0.22,0,0.0,0.0
QAT,2004,0,0.59,-0.59,0,0.0,0.0
ROU,2004,37,35.54,1.4600000000000009,22,18.75,3.25
RSA,2004,4,2.38,1.62,0,0.23,-0.23
RUS,2004,157,107.04,49.959999999999994,37,37.56,-0.5600000000000023
RWA,2004,0,0.0,0.0,0,0.0,0.0
SAM,2004,0,0.0,0.0,0,0.0,0.0
SCG,2004,1,13.9,-12.9,0,7.49,-7.49
SEN,2004,0,0.0,0.0,0,0.0,0.0
SEY,2004,0,0.0,0.0,0,0.0,0.0
SGP,2004,0,0.0,0.0,0,0.0,0.0
SKN,2004,0,0.0,0.0,0,0.0,0.0
SLE,2004,0,0.0,0.0,0,0.0,0.0
SLO,2004,5,2.11,2.89,0,1.77,-1.77
SMR,2004,0,0.0,0.0,0,0.0,0.0
SOL,2004,0,0.0,0.0,0,0.0,0.0
SOM,2004,0,0.0,0.0,0,0.0,0.0
SRI,2004,0,0.59,-0.59,0,0.0,0.0
STP,2004,0,0.0,0.0,0,0.0,0.0
SUD,2004,0,0.0,0.0,0,0.0,0.0
SUI,2004,7,11.07,-4.07,1,1.76,-0.76
SUR,2004,0,0.0,0.0,0,0.0,0.0
SVK,2004,10,3.11,6.890000000000001,3,1.43,1.57
SWE,2004,12,21.78,-9.780000000000001,5,2.7,2.3
SWZ,2004,0,0.0,0.0,0,0.0,0.0
SYR,2004,1,0.24,0.76,0,0.24,-0.24
TAN,2004,0,0.0,0.0,0,0.0,0.0
TGA,2004,0,0.27,-0.27,0,0.0,0.0
THA,2004,8,2.35,5.65,3,0.86,2.14
TJK,2004,0,0.0,0.0,0,0.0,0.0
TKM,2004,0,0.0,0.0,0,0.0,0.0
TLS,2004,0,0.0,0.0,0,0.0,0.0
TOG,2004,0,0.0,0.0,0,0.0,0.0
TPE,2004,9,3.58,5.42,2,0.0,2.0
TTO,2004,0,1.74,-1.74,0,0.0,0.0
TUN,2004,0,0.2,-0.2,0,0.0,0.0
TUR,2004,11,4.58,6.42,3,2.84,0.16000000000000014
UAE,2004,1,0.0,1.0,1,0.0,1.0
UGA,2004,0,0.3,-0.3,0,0.0,0.0
UKR,2004,43,25.58,17.42,5,3.11,1.8900000000000001
URU,2004,0,0.6,-0.6,0,0.0,0.0
USA,2004,160,116.43,43.56999999999999,72,55.33,16.67
UZB,2004,5,2.86,2.14,2,0.56,1.44
VAN,2004,0,0.0,0.0,0,0.0,0.0
VEN,2004,2,0.0,2.0,0,0.0,0.0
VIE,2004,0,0.74,-0.74,0,0.0,0.0
VIN,2004,0,0.0,0.0,0,0.0,0.0
YEM,2004,0,0.0,0.0,0,0.0,0.0
ZAM,2004,0,0.25,-0.25,0,0.0,0.0
ZIM,2004,0,0.0,0.0,0,0.0,0.0
AFG,2008,1,0.0,1.0,0,0.0,0.0
AHO,2008,0,0.0,0.0,0,0.0,0.0
ALB,2008,0,0.0,0.0,0,0.0,0.0
ALG,2008,2,1.34,0.6599999999999999,0,0.45,-0.45
AND,2008,0,0.0,0.0,0,0.0,0.0
ANG,2008,0,0.0,0.0,0,0.0,0.0
ANT,2008,0,0.0,0.0,0,0.0,0.0
ARG,2008,35,21.72,13.280000000000001,20,17.08,2.9200000000000017
ARM,2008,6,0.42,5.58,0,0.08,-0.08
ARU,2008,0,0.0,0.0,0,0.0,0.0
ASA,2008,0,0.0,0.0,0,0.0,0.0
AUS,2008,47,61.1,-14.100000000000001,11,14.39,-3.3900000000000006
AUT,2008,2,4.93,-2.9299999999999997,0,2.64,-2.64
AZE,2008,7,3.77,3.23,1,1.02,-0.020000000000000018
BAH,2008,7,3.96,3.04,0,1.88,-1.88
BAN,2008,0,0.0,0.0,0,0.0,0.0
BAR,2008,0,0.16,-0.16,0,0.0,0.0
BDI,2008,0,0.1,-0.1,0,0.1,-0.1
BEL,2008,5,3.91,1.0899999999999999,1,0.81,0.18999999999999995
BEN,2008,0,0.0,0.0,0,0.0,0.0
BER,2008,0,0.0,0.0,0,0.0,0.0
BHU,2008,0,0.0,0.0,0,0.0,0.0
BIH,2008,0,0.0,0.0,0,0.0,0.0
BIZ,2008,0,0.0,0.0,0,0.0,0.0
BLR,2008,29,16.42,12.579999999999998,8,2.04,5.96
BOL,2008,0,0.0,0.0,0,0.0,0.0
BOT,2008,0,0.0,0.0,0,0.0,0.0
BRA,2008,76,42.12,33.88,13,12.09,0.9100000000000001
BRN,2008,0,0.0,0.0,0,0.0,0.0
BUL,2008,5,16.1,-11.100000000000001,1,2.86,-1.8599999999999999
BUR,2008,0,0.0,0.0,0,0.0,0.0
CAF,2008,0,0.0,0.0,0,0.0,0.0
CAM,2008,0,0.0,0.0,0,0.0,0.0
CAN,2008,30,15.5,14.5,11,3.54,7.46
CAY,2008,0,0.0,0.0,0,0.0,0.0
CGO,2008,0,0.0,0.0,0,0.0,0.0
CHA,2008,0,0.0,0.0,0,0.0,0.0
CHI,2008,1,7.59,-6.59,0,1.74,-1.74
CHN,2008,127,65.74,61.260000000000005,60,32.85,27.15
CIV,2008,0,0.0,0.0,0,0.0,0.0
CMR,2008,1,4.77,-3.7699999999999996,1,4.77,-3.7699999999999996
COD,2008,0,0.0,0.0,0,0.0,0.0
COK,2008,0,0.0,0.0,0,0.0,0.0
COL,2008,2,1.59,0.4099999999999999,0,0.25,-0.25
COM,2008,0,0.0,0.0,0,0.0,0.0
CPV,2008,0,0.0,0.0,0,0.0,0.0
CRC,2008,0,0.0,0.0,0,0.0,0.0
CRO,2008,5,15.36,-10.36,0,10.01,-10.01
CUB,2008,23,36.39,-13.39,2,11.39,-9.39
CYP,2008,0,0.0,0.0,0,0.0,0.0
CZE,2008,7,11.95,-4.949999999999999,3,1.49,1.51
DEN,2008,18,27.1,-9.100000000000001,6,18.57,-12.57
DJI,2008,0,0.0,0.0,0,0.0,0.0
DMA,2008,0,0.0,0.0,0,0.0,0.0
DOM,2008,2,0.73,1.27,1,0.73,0.27
ECU,2008,1,0.07,0.9299999999999999,0,0.07,-0.07
EGY,2008,1,3.45,-2.45,0,0.69,-0.69
ERI,2008,0,0.68,-0.68,0,0.0,0.0
ESA,2008,0,0.0,0.0,0,0.0,0.0
ESP,2008,44,30.98,13.02,7,4.29,2.71
EST,2008,3,2.67,0.33000000000000007,1,0.22,0.78
ETH,2008,7,6.69,0.3099999999999996,4,2.42,1.58
FIJ,2008,0,0.0,0.0,0,0.0,0.0
FIN,2008,5,2.75,2.25,1,0.85,0.15000000000000002
FRA,2008,66,48.46,17.54,24,19.39,4.609999999999999
FSM,2008,0,0.0,0.0,0,0.0,0.0
GAB,2008,0,0.0,0.0,0,0.0,0.0
GAM,2008,0,0.0,0.0,0,0.0,0.0
GBR,2008,75,48.89,26.11,29,16.65,12.350000000000001
GBS,2008,0,0.0,0.0,0,0.0,0.0
GEO,2008,6,4.18,1.8200000000000003,3,1.2,1.8
GEQ,2008,0,0.0,0.0,0,0.0,0.0
GER,2008,75,95.48,-20.480000000000004,23,26.85,-3.8500000000000014
GHA,2008,0,0.0,0.0,0,0.0,0.0
GRE,2008,7,15.4,-8.4,0,5.24,-5.24
GRN,2008,0,0.0,0.0,0,0.0,0.0
GUA,2008,0,0.0,0.0,0,0.0,0.0
GUI,2008,0,0.0,0.0,0,0.0,0.0
GUM,2008,0,0.0,0.0,0,0.0,0.0
GUY,2008,0,0.0,0.0,0,0.0,0.0
HAI,2008,0,0.0,0.0,0,0.0,0.0
HKG,2008,0,1.34,-1.34,0,0.08,-0.08
HON,2008,0,0.0,0.0,0,0.0,0.0
HUN,2008,11,28.62,-17.62,3,10.54,-7.539999999999999
INA,2008,7,5.47,1.5300000000000002,2,1.29,0.71
IND,2008,3,0.97,2.0300000000000002,1,0.0,1.0
IRI,2008,2,5.06,-3.0599999999999996,1,2.02,-1.02
IRL,2008,3,0.3,2.7,0,0.0,0.0
IRQ,2008,0,0.0,0.0,0,0.0,0.0
ISL,2008,14,0.22,13.78,0,0.0,0.0
ISR,2008,1,1.59,-0.5900000000000001,0,0.67,-0.67
ISV,2008,0,0.0,0.0,0,0.0,0.0
ITA,2008,40,74.06,-34.06,7,12.64,-5.640000000000001
IVB,2008,0,0.0,0.0,0,0.0,0.0
JAM,2008,14,15.07,-1.0700000000000003,5,3.62,1.38
JOR,2008,0,0.0,0.0,0,0.0,0.0
JPN,2008,26,23.59,2.41,6,12.23,-6.23
KAZ,2008,13,7.67,5.33,2,1.69,0.31000000000000005
KEN,2008,15,6.83,8.17,6,1.24,4.76
KGZ,2008,2,0.3,1.7,0,0.0,0.0
KIR,2008,0,0.0,0.0,0,0.0,0.0
KOR,2008,52,42.04,9.96,16,12.08,3.92
KSA,2008,0,0.48,-0.48,0,0.0,0.0
KUW,2008,0,0.22,-0.22,0,0.0,0.0
LAO,2008,0,0.0,0.0,0,0.0,0.0
LAT,2008,3,3.36,-0.3599999999999999,1,0.22,0.78
LBA,2008,0,0.0,0.0,0,0.0,0.0
LBR,2008,0,0.0,0.0,0,0.0,0.0
LCA,2008,0,0.0,0.0,0,0.0,0.0
LES,2008,0,0.0,0.0,0,0.0,0.0
LIB,2008,0,0.0,0.0,0,0.0,0.0
LIE,2008,0,0.0,0.0,0,0.0,0.0
LTU,2008,5,7.17,-2.17,0,1.07,-1.07
LUX,2008,0,0.0,0.0,0,0.0,0.0
MAD,2008,0,0.0,0.0,0,0.0,0.0
MAR,2008,2,3.15,-1.15,0,1.34,-1.34
MAS,2008,1,0.33,0.6699999999999999,0,0.0,0.0
MAW,2008,0,0.0,0.0,0,0.0,0.0
MDA,2008,1,0.65,0.35,0,0.0,0.0
MDV,2008,0,0.0,0.0,0,0.0,0.0
MEX,2008,2,3.75,-1.75,2,0.23,1.77
MGL,2008,4,0.75,3.25,2,0.0,2.0
MHL,2008,0,0.0,0.0,0,0.0,0.0
MKD,2008,0,0.28,-0.28,0,0.0,0.0
MLI,2008,0,0.0,0.0,0,0.0,0.0
MLT,2008,0,0.0,0.0,0,0.0,0.0
MNE,2008,0,0.0,0.0,0,0.0,0.0
MON,2008,0,0.0,0.0,0,0.0,0.0
MOZ,2008,0,0.37,-0.37,0,0.21,-0.21
MRI,2008,1,0.0,1.0,0,0.0,0.0
MTN,2008,0,0.0,0.0,0,0.0,0.0
MYA,2008,0,0.0,0.0,0,0.0,0.0
NAM,2008,0,0.18,-0.18,0,0.0,0.0
NCA,2008,0,0.0,0.0,0,0.0,0.0
NED,2008,26,30.47,-4.469999999999999,4,5.5,-1.5
NEP,2008,0,0.0,0.0,0,0.0,0.0
NGR,2008,23,8.8,14.2,0,2.98,-2.98
NIG,2008,0,0.0,0.0,0,0.0,0.0
NOR,2008,20,15.15,4.85,16,7.85,8.15
NRU,2008,0,0.0,0.0,0,0.0,0.0
NZL,2008,15,5.48,9.52,4,2.87,1.13
OMA,2008,0,0.0,0.0,0,0.0,0.0
PAK,2008,0,0.0,0.0,0,0.0,0.0
PAN,2008,1,0.0,1.0,1,0.0,1.0
PAR,2008,0,10.88,-10.88,0,0.0,0.0
PER,2008,0,0.0,0.0,0,0.0,0.0
PHI,2008,0,0.11,-0.11,0,0.0,0.0
PLE,2008,0,0.0,0.0,0,0.0,0.0
PLW,2008,0,0.0,0.0,0,0.0,0.0
PNG,2008,0,0.0,0.0,0,0.0,0.0
POL,2008,20,13.21,6.789999999999999,6,4.13,1.87
POR,2008,2,2.52,-0.52,1,0.07,0.9299999999999999
PRK,2008,6,4.59,1.4100000000000001,2,0.22,1.78
PUR,2008,0,0.08,-0.08,0,0.0,0.0
QAT,2008,0,0.26,-0.26,0,0.0,0.0
ROU,2008,22,35.45,-13.450000000000003,5,20.22,-15.219999999999999
RSA,2008,1,3.4,-2.4,0,0.11,-0.11
RUS,2008,115,140.19,-25.189999999999998,31,38.1,-7.100000000000001
RWA,2008,0,0.0,0.0,0,0.0,0.0
SAM,2008,0,0.0,0.0,0,0.0,0.0
SEN,2008,0,0.0,0.0,0,0.0,0.0
SEY,2008,0,0.0,0.0,0,0.0,0.0
SGP,2008,3,0.0,3.0,0,0.0,0.0
SKN,2008,0,0.0,0.0,0,0.0,0.0
SLE,2008,0,0.0,0.0,0,0.0,0.0
SLO,2008,4,4.15,-0.15000000000000036,1,0.87,0.13
SMR,2008,0,0.0,0.0,0,0.0,0.0
SOL,2008,0,0.0,0.0,0,0.0,0.0
SOM,2008,0,0.0,0.0,0,0.0,0.0
SRB,2008,1,0.0,1.0,0,0.0,0.0
SRI,2008,0,0.22,-0.22,0,0.0,0.0
STP,2008,0,0.0,0.0,0,0.0,0.0
SUD,2008,1,0.0,1.0,0,0.0,0.0
SUI,2008,11,9.84,1.1600000000000001,3,1.31,1.69
SUR,2008,0,0.0,0.0,0,0.0,0.0
SVK,2008,10,7.51,2.49,4,2.43,1.5699999999999998
SWE,2008,7,15.45,-8.45,0,4.23,-4.23
SWZ,2008,0,0.0,0.0,0,0.0,0.0
SYR,2008,0,0.81,-0.81,0,0.05,-0.05
TAN,2008,0,0.0,0.0,0,0.0,0.0
TGA,2008,0,0.12,-0.12,0,0.0,0.0
THA,2008,4,6.28,-2.2800000000000002,2,2.35,-0.3500000000000001
TJK,2008,2,0.0,2.0,0,0.0,0.0
TKM,2008,0,0.0,0.0,0,0.0,0.0
TLS,2008,0,0.0,0.0,0,0.0,0.0
TOG,2008,1,0.0,1.0,0,0.0,0.0
TPE,2008,4,7.02,-3.0199999999999996,0,1.34,-1.34
TTO,2008,6,0.72,5.28,5,0.0,5.0
TUN,2008,0,0.08,-0.08,0,0.0,0.0
TUR,2008,7,8.0,-1.0,1,2.78,-1.7799999999999998
TUV,2008,0,0.0,0.0,0,0.0,0.0
UAE,2008,0,0.68,-0.68,0,0.68,-0.68
UGA,2008,0,0.03,-0.03,0,0.0,0.0
UKR,2008,29,35.97,-6.969999999999999,10,4.17,5.83
URU,2008,0,0.17,-0.17,0,0.0,0.0
USA,2008,184,140.66,43.34,96,63.15,32.85
UZB,2008,5,4.49,0.5099999999999998,1,1.57,-0.5700000000000001
VAN,2008,0,0.0,0.0,0,0.0,0.0
VEN,2008,1,1.42,-0.41999999999999993,0,0.0,0.0
VIE,2008,1,0.2,0.8,0,0.0,0.0
VIN,2008,0,0.0,0.0,0,0.0,0.0
YEM,2008,0,0.0,0.0,0,0.0,0.0
ZAM,2008,0,0.08,-0.08,0,0.0,0.0
ZIM,2008,0,0.0,0.0,0,0.0,0.0
AFG,2012,1,0.57,0.43000000000000005,0,0.0,0.0
ALB,2012,0,0.0,0.0,0,0.0,0.0
ALG,2012,1,1.83,-0.8300000000000001,1,0.09,0.91
AND,2012,0,0.0,0.0,0,0.0,0.0
ANG,2012,0,0.0,0.0,0,0.0,0.0
ANT,2012,0,0.0,0.0,0,0.0,0.0
ARG,2012,4,29.74,-25.74,1,17.72,-16.72
ARM,2012,3,3.86,-0.8599999999999999,0,0.03,-0.03
ARU,2012,0,0.0,0.0,0,0.0,0.0
ASA,2012,0,0.0,0.0,0,0.0,0.0
AUS,2012,52,52.37,-0.36999999999999744,11,12.3,-1.3000000000000007
AUT,2012,0,3.25,-3.25,0,1.05,-1.05
AZE,2012,10,6.14,3.8600000000000003,2,1.04,0.96
BAH,2012,4,6.09,-2.09,4,0.61,3.39
BAN,2012,0,0.0,0.0,0,0.0,0.0
BAR,2012,0,0.03,-0.03,0,0.0,0.0
BDI,2012,0,0.05,-0.05,0,0.05,-0.05
BEL,2012,3,4.58,-1.58,0,0.88,-0.88
BEN,2012,0,0.0,0.0,0,0.0,0.0
BER,2012,0,0.0,0.0,0,0.0,0.0
BHU,2012,0,0.0,0.0,0,0.0,0.0
BIH,2012,0,0.0,0.0,0,0.0,0.0
BIZ,2012,0,0.0,0.0,0,0.0,0.0
BLR,2012,21,23.98,-2.9800000000000004,3,5.62,-2.62
BOL,2012,0,0.0,0.0,0,0.0,0.0
BOT,2012,1,0.0,1.0,0,0.0,0.0
BRA,2012,57,62.2,-5.200000000000003,14,12.19,1.8100000000000005
BRN,2012,1,0.0,1.0,0,0.0,0.0
BRU,2012,0,0.0,0.0,0,0.0,0.0
BUL,2012,2,9.73,-7.73,0,1.73,-1.73
BUR,2012,0,0.0,0.0,0,0.0,0.0
CAF,2012,0,0.0,0.0,0,0.0,0.0
CAM,2012,0,0.0,0.0,0,0.0,0.0
CAN,2012,47,24.38,22.62,0,8.05,-8.05
CAY,2012,0,0.0,0.0,0,0.0,0.0
CGO,2012,0,0.0,0.0,0,0.0,0.0
CHA,2012,0,0.0,0.0,0,0.0,0.0
CHI,2012,0,3.74,-3.74,0,0.69,-0.69
CHN,2012,81,109.32,-28.319999999999993,40,52.93,-12.93
CIV,2012,0,0.0,0.0,0,0.0,0.0
CMR,2012,0,2.48,-2.48,0,2.48,-2.48
COD,2012,0,0.0,0.0,0,0.0,0.0
COK,2012,0,0.0,0.0,0,0.0,0.0
COL,2012,8,1.81,6.1899999999999995,1,0.05,0.95
COM,2012,0,0.0,0.0,0,0.0,0.0
CPV,2012,0,0.0,0.0,0,0.0,0.0
CRC,2012,0,0.0,0.0,0,0.0,0.0
CRO,2012,22,9.22,12.78,2,4.41,-2.41
CUB,2012,14,27.71,-13.71,5,4.82,0.17999999999999972
CYP,2012,1,0.0,1.0,0,0.0,0.0
CZE,2012,14,8.97,5.029999999999999,4,2.39,1.6099999999999999
DEN,2012,16,22.83,-6.829999999999998,3,12.3,-9.3
DJI,2012,0,0.0,0.0,0,0.0,0.0
DMA,2012,0,0.0,0.0,0,0.0,0.0
DOM,2012,2,1.58,0.41999999999999993,1,0.9,0.09999999999999998
ECU,2012,0,0.68,-0.68,0,0.02,-0.02
EGY,2012,2,1.87,0.1299999999999999,0,0.26,-0.26
ERI,2012,0,0.22,-0.22,0,0.0,0.0
ESA,2012,0,0.0,0.0,0,0.0,0.0
ESP,2012,39,40.16,-1.1599999999999966,5,5.88,-0.8799999999999999
EST,2012,2,2.88,-0.8799999999999999,0,0.75,-0.75
ETH,2012,7,6.72,0.28000000000000025,3,3.32,-0.31999999999999984
FIJ,2012,0,0.0,0.0,0,0.0,0.0
FIN,2012,5,4.26,0.7400000000000002,0,0.96,-0.96
FRA,2012,61,60.28,0.7199999999999989,21,22.59,-1.5899999999999999
FSM,2012,0,0.0,0.0,0,0.0,0.0
GAB,2012,1,0.0,1.0,0,0.0,0.0
GAM,2012,0,0.0,0.0,0,0.0,0.0
GBR,2012,106,64.16,41.84,48,23.84,24.16
GBS,2012,0,0.0,0.0,0,0.0,0.0
GEO,2012,7,5.56,1.4400000000000004,1,2.59,-1.5899999999999999
GEQ,2012,0,0.0,0.0,0,0.0,0.0
GER,2012,77,81.54,-4.540000000000006,29,23.44,5.559999999999999
GHA,2012,0,0.0,0.0,0,0.0,0.0
GRE,2012,3,9.14,-6.140000000000001,0,1.6,-1.6
GRN,2012,1,0.0,1.0,1,0.0,1.0
GUA,2012,1,0.0,1.0,0,0.0,0.0
GUI,2012,0,0.0,0.0,0,0.0,0.0
GUM,2012,0,0.0,0.0,0,0.0,0.0
GUY,2012,0,0.0,0.0,0,0.0,0.0
HAI,2012,0,0.0,0.0,0,0.0,0.0
HKG,2012,1,0.47,0.53,0,0.03,-0.03
HON,2012,0,0.0,0.0,0,0.0,0.0
HUN,2012,23,17.68,5.32,10,5.6,4.4
INA,2012,2,6.42,-4.42,0,1.71,-1.71
IND,2012,6,2.19,3.81,0,0.61,-0.61
IOA,2012,0,0.0,0.0,0,0.0,0.0
IRI,2012,12,2.91,9.09,4,1.31,2.69
IRL,2012,5,1.92,3.08,1,0.0,1.0
IRQ,2012,0,0.0,0.0,0,0.0,0.0
ISL,2012,0,8.63,-8.63,0,0.0,0.0
ISR,2012,0,1.13,-1.13,0,0.16,-0.16
ISV,2012,0,0.0,0.0,0,0.0,0.0
ITA,2012,54,51.25,2.75,16,9.33,6.67
IVB,2012,0,0.0,0.0,0,0.0,0.0
JAM,2012,25,14.29,10.71,8,4.4,3.5999999999999996
JOR,2012,0,0.0,0.0,0,0.0,0.0
JPN,2012,67,24.5,42.5,7,7.72,-0.7199999999999998
KAZ,2012,13,11.25,1.75,7,1.95,5.05
KEN,2012,11,11.69,-0.6899999999999995,2,4.06,-2.0599999999999996
KGZ,2012,0,1.36,-1.36,0,0.0,0.0
KIR,2012,0,0.0,0.0,0,0.0,0.0
KOR,2012,59,49.74,9.259999999999998,18,14.82,3.1799999999999997
KSA,2012,4,0.18,3.82,0,0.0,0.0
KUW,2012,1,0.07,0.9299999999999999,0,0.0,0.0
LAO,2012,0,0.0,0.0,0,0.0,0.0
LAT,2012,3,3.22,-0.2200000000000002,1,0.68,0.31999999999999995
LBA,2012,0,0.0,0.0,0,0.0,0.0
LBR,2012,0,0.0,0.0,0,0.0,0.0
LCA,2012,0,0.0,0.0,0,0.0,0.0
LES,2012,0,0.0,0.0,0,0.0,0.0
LIB,2012,0,0.0,0.0,0,0.0,0.0
LIE,2012,0,0.0,0.0,0,0.0,0.0
LTU,2012,4,5.94,-1.9400000000000004,1,0.45,0.55
LUX,2012,0,0.0,0.0,0,0.0,0.0
MAD,2012,0,0.0,0.0,0,0.0,0.0
MAR,2012,1,2.55,-1.5499999999999998,0,0.44,-0.44
MAS,2012,1,0.83,0.17000000000000004,0,0.0,0.0
MAW,2012,0,0.0,0.0,0,0.0,0.0
MDA,2012,2,0.99,1.01,0,0.0,0.0
MDV,2012,0,0.0,0.0,0,0.0,0.0
MEX,2012,19,2.74,16.259999999999998,16,1.35,14.65
MGL,2012,5,2.58,2.42,0,1.14,-1.14
MHL,2012,0,0.0,0.0,0,0.0,0.0
MKD,2012,0,0.05,-0.05,0,0.0,0.0
MLI,2012,0,0.0,0.0,0,0.0,0.0
MLT,2012,0,0.0,0.0,0,0.0,0.0
MNE,2012,14,0.0,14.0,0,0.0,0.0
MON,2012,0,0.0,0.0,0,0.0,0.0
MOZ,2012,0,0.07,-0.07,0,0.05,-0.05
MRI,2012,0,0.7,-0.7,0,0.0,0.0
MTN,2012,0,0.0,0.0,0,0.0,0.0
MYA,2012,0,0.0,0.0,0,0.0,0.0
NAM,2012,0,0.02,-0.02,0,0.0,0.0
NCA,2012,0,0.0,0.0,0,0.0,0.0
NED,2012,28,27.0,1.0,3,4.1,-1.0999999999999996
NEP,2012,0,0.0,0.0,0,0.0,0.0
NGR,2012,0,16.55,-16.55,0,0.54,-0.54
NIG,2012,0,0.0,0.0,0,0.0,0.0
NOR,2012,17,18.97,-1.9699999999999989,15,13.27,1.7300000000000004
NRU,2012,0,0.0,0.0,0,0.0,0.0
NZL,2012,27,10.67,16.33,9,3.42,5.58
OMA,2012,0,0.0,0.0,0,0.0,0.0
PAK,2012,0,0.0,0.0,0,0.0,0.0
PAN,2012,0,0.63,-0.63,0,0.63,-0.63
PAR,2012,0,4.25,-4.25,0,0.0,0.0
PER,2012,0,0.0,0.0,0,0.0,0.0
PHI,2012,0,0.04,-0.04,0,0.0,0.0
PLE,2012,0,0.0,0.0,0,0.0,0.0
PLW,2012,0,0.0,0.0,0,0.0,0.0
PNG,2012,0,0.0,0.0,0,0.0,0.0
POL,2012,12,17.34,-5.34,2,5.27,-3.2699999999999996
POR,2012,2,2.13,-0.1299999999999999,0,0.72,-0.72
PRK,2012,6,5.64,0.3600000000000003,4,1.48,2.52
PUR,2012,2,0.03,1.97,0,0.0,0.0
QAT,2012,2,0.08,1.92,0,0.0,0.0
ROU,2012,16,27.07,-11.07,2,10.83,-8.83
RSA,2012,6,2.15,3.85,4,0.03,3.97
RUS,2012,116,122.92,-6.920000000000002,38,32.65,5.350000000000001
RWA,2012,0,0.0,0.0,0,0.0,0.0
SAM,2012,0,0.0,0.0,0,0.0,0.0
SEN,2012,0,0.0,0.0,0,0.0,0.0
SEY,2012,0,0.0,0.0,0,0.0,0.0
SGP,2012,4,1.92,2.08,0,0.0,0.0
SKN,2012,0,0.0,0.0,0,0.0,0.0
SLE,2012,0,0.0,0.0,0,0.0,0.0
SLO,2012,5,3.96,1.04,1,0.93,0.06999999999999995
SMR,2012,0,0.0,0.0,0,0.0,0.0
SOL,2012,0,0.0,0.0,0,0.0,0.0
SOM,2012,0,0.0,0.0,0,0.0,0.0
SRB,2012,3,0.61,2.39,1,0.0,1.0
SRI,2012,0,0.09,-0.09,0,0.0,0.0
STP,2012,0,0.0,0.0,0,0.0,0.0
SUD,2012,0,0.6,-0.6,0,0.0,0.0
SUI,2012,4,10.43,-6.43,2,2.43,-0.43000000000000016
SUR,2012,0,0.0,0.0,0,0.0,0.0
SVK,2012,5,9.22,-4.220000000000001,0,3.45,-3.45
SWE,2012,22,9.69,12.31,2,1.64,0.3600000000000001
SWZ,2012,0,0.0,0.0,0,0.0,0.0
SYR,2012,0,0.22,-0.22,0,0.02,-0.02
TAN,2012,0,0.0,0.0,0,0.0,0.0
TGA,2012,0,0.03,-0.03,0,0.0,0.0
THA,2012,3,4.94,-1.9400000000000004,0,2.13,-2.13
TJK,2012,1,1.22,-0.21999999999999997,0,0.0,0.0
TKM,2012,0,0.0,0.0,0,0.0,0.0
TLS,2012,0,0.0,0.0,0,0.0,0.0
TOG,2012,0,0.64,-0.64,0,0.0,0.0
TPE,2012,2,5.15,-3.1500000000000004,0,0.46,-0.46
TTO,2012,10,4.24,5.76,1,3.4,-2.4
TUN,2012,1,0.02,0.98,0,0.0,0.0
TUR,2012,5,7.25,-2.25,2,1.59,0.4099999999999999
TUV,2012,0,0.0,0.0,0,0.0,0.0
UAE,2012,0,0.23,-0.23,0,0.23,-0.23
UGA,2012,1,0.05,0.95,1,0.0,1.0
UKR,2012,26,30.88,-4.879999999999999,9,7.8,1.2000000000000002
URU,2012,0,0.06,-0.06,0,0.0,0.0
USA,2012,161,170.01,-9.009999999999991,91,85.65,5.349999999999994
UZB,2012,3,4.61,-1.6100000000000003,1,1.15,-0.1499999999999999
VAN,2012,0,0.0,0.0,0,0.0,0.0
VEN,2012,1,1.15,-0.1499999999999999,1,0.0,1.0
VIE,2012,0,0.7,-0.7,0,0.0,0.0
VIN,2012,0,0.0,0.0,0,0.0,0.0
YEM,2012,0,0.0,0.0,0,0.0,0.0
ZAM,2012,0,0.02,-0.02,0,0.0,0.0
ZIM,2012,0,0.0,0.0,0,0.0,0.0
AFG,2016,0,0.85,-0.85,0,0.0,0.0
ALB,2016,0,0.0,0.0,0,0.0,0.0
ALG,2016,2,1.19,0.81,0,0.65,-0.65
AND,2016,0,0.0,0.0,0,0.0,0.0
ANG,2016,0,0.0,0.0,0,0.0,0.0
ANT,2016,0,0.0,0.0,0,0.0,0.0
ARG,2016,4,14.76,-10.76,3,8.16,-5.16
ARM,2016,4,3.23,0.77,1,0.01,0.99
ARU,2016,0,0.0,0.0,0,0.0,0.0
ASA,2016,0,0.0,0.0,0,0.0,0.0
AUS,2016,48,52.38,-4.380000000000003,16,11.52,4.48
AUT,2016,2,0.78,1.22,0,0.21,-0.21
AZE,2016,18,8.08,9.92,1,1.55,-0.55
BAH,2016,6,4.82,1.1799999999999997,1,2.82,-1.8199999999999998
BAN,2016,0,0.0,0.0,0,0.0,0.0
BAR,2016,0,0.04,-0.04,0,0.0,0.0
BDI,2016,1,0.03,0.97,0,0.03,-0.03
BEL,2016,4,3.51,0.4900000000000002,2,0.25,1.75
BEN,2016,0,0.0,0.0,0,0.0,0.0
BER,2016,0,0.0,0.0,0,0.0,0.0
BHU,2016,0,0.0,0.0,0,0.0,0.0
BIH,2016,0,0.0,0.0,0,0.0,0.0
BIZ,2016,0,0.0,0.0,0,0.0,0.0
BLR,2016,10,21.57,-11.57,0,3.72,-3.72
BOL,2016,0,0.0,0.0,0,0.0,0.0
BOT,2016,0,0.68,-0.68,0,0.0,0.0
BRA,2016,49,59.92,-10.920000000000002,36,13.04,22.96
BRN,2016,2,0.61,1.3900000000000001,1,0.0,1.0
BRU,2016,0,0.0,0.0,0,0.0,0.0
BUL,2016,7,4.72,2.2800000000000002,0,0.63,-0.63
BUR,2016,0,0.0,0.0,0,0.0,0.0
CAF,2016,0,0.0,0.0,0,0.0,0.0
CAM,2016,0,0.0,0.0,0,0.0,0.0
CAN,2016,50,40.01,9.990000000000002,2,2.52,-0.52
CAY,2016,0,0.0,0.0,0,0.0,0.0
CGO,2016,0,0.0,0.0,0,0.0,0.0
CHA,2016,0,0.0,0.0,0,0.0,0.0
CHI,2016,0,1.17,-1.17,0,0.3,-0.3
CHN,2016,79,85.9,-6.900000000000006,35,42.1,-7.100000000000001
CIV,2016,2,0.0,2.0,1,0.0,1.0
CMR,2016,0,0.55,-0.55,0,0.55,-0.55
COD,2016,0,0.0,0.0,0,0.0,0.0
COK,2016,0,0.0,0.0,0,0.0,0.0
COL,2016,8,6.04,1.96,3,0.72,2.2800000000000002
COM,2016,0,0.0,0.0,0,0.0,0.0
CPV,2016,0,0.0,0.0,0,0.0,0.0
CRC,2016,0,0.0,0.0,0,0.0,0.0
CRO,2016,11,16.7,-5.699999999999999,7,2.63,4.37
CUB,2016,11,18.17,-7.170000000000002,5,4.82,0.17999999999999972
CYP,2016,0,0.65,-0.65,0,0.0,0.0
CZE,2016,15,12.16,2.84,1,3.52,-2.52
DEN,2016,36,18.11,17.89,14,6.15,7.85
DJI,2016,0,0.0,0.0,0,0.0,0.0
DMA,2016,0,0.0,0.0,0,0.0,0.0
DOM,2016,1,1.84,-0.8400000000000001,0,0.94,-0.94
ECU,2016,0,0.24,-0.24,0,0.0,0.0
EGY,2016,3,2.02,0.98,0,0.14,-0.14
ERI,2016,0,0.08,-0.08,0,0.0,0.0
ESA,2016,0,0.0,0.0,0,0.0,0.0
ESP,2016,43,39.68,3.3200000000000003,8,5.57,2.4299999999999997
EST,2016,4,2.23,1.77,0,0.21,-0.21
ETH,2016,8,6.81,1.1900000000000004,1,3.11,-2.11
FIJ,2016,13,0.0,13.0,13,0.0,13.0
FIN,2016,1,4.77,-3.7699999999999996,0,0.49,-0.49
FRA,2016,88,60.71,27.29,20,21.46,-1.4600000000000009
FSM,2016,0,0.0,0.0,0,0.0,0.0
GAB,2016,0,0.65,-0.65,0,0.0,0.0
GAM,2016,0,0.0,0.0,0,0.0,0.0
GBR,2016,110,89.49,20.510000000000005,45,38.55,6.450000000000003
GBS,2016,0,0.0,0.0,0,0.0,0.0
GEO,2016,7,6.3,0.7000000000000002,2,1.42,0.5800000000000001
GEQ,2016,0,0.0,0.0,0,0.0,0.0
GER,2016,125,77.88,47.120000000000005,49,27.22,21.78
GHA,2016,0,0.0,0.0,0,0.0,0.0
GRE,2016,6,5.79,0.20999999999999996,3,0.88,2.12
GRN,2016,1,0.55,0.44999999999999996,0,0.55,-0.55
GUA,2016,0,0.63,-0.63,0,0.0,0.0
GUI,2016,0,0.0,0.0,0,0.0,0.0
GUM,2016,0,0.0,0.0,0,0.0,0.0
GUY,2016,0,0.0,0.0,0,0.0,0.0
HAI,2016,0,0.0,0.0,0,0.0,0.0
HKG,2016,0,0.82,-0.82,0,0.02,-0.02
HON,2016,0,0.0,0.0,0,0.0,0.0
HUN,2016,15,20.38,-5.379999999999999,9,8.29,0.7100000000000009
INA,2016,4,4.13,-0.1299999999999999,2,0.81,1.19
IND,2016,2,4.84,-2.84,0,0.27,-0.27
IOA,2016,2,0.0,2.0,1,0.0,1.0
IRI,2016,8,8.6,-0.5999999999999996,3,3.03,-0.029999999999999805
IRL,2016,3,3.73,-0.73,0,0.58,-0.58
IRQ,2016,0,0.0,0.0,0,0.0,0.0
ISL,2016,0,4.11,-4.11,0,0.0,0.0
ISR,2016,2,0.45,1.55,0,0.08,-0.08
ISV,2016,0,0.0,0.0,0,0.0,0.0
ITA,2016,39,53.64,-14.64,7,14.06,-7.0600000000000005
IVB,2016,0,0.0,0.0,0,0.0,0.0
JAM,2016,30,21.33,8.670000000000002,11,6.91,4.09
JOR,2016,1,0.0,1.0,1,0.0,1.0
JPN,2016,44,48.78,-4.780000000000001,15,7.62,7.38
KAZ,2016,17,12.75,4.25,2,5.25,-3.25
KEN,2016,13,11.38,1.6199999999999992,6,2.86,3.14
KGZ,2016,0,0.54,-0.54,0,0.0,0.0
KIR,2016,0,0.0,0.0,0,0.0,0.0
KOR,2016,26,56.08,-30.08,13,16.86,-3.8599999999999994
KOS,2016,1,0.0,1.0,1,0.0,1.0
KSA,2016,0,2.72,-2.72,0,0.0,0.0
LAO,2016,0,0.0,0.0,0,0.0,0.0
LAT,2016,0,2.99,-2.99,0,0.93,-0.93
LBA,2016,0,0.0,0.0,0,0.0,0.0
LBR,2016,0,0.0,0.0,0,0.0,0.0
LCA,2016,0,0.0,0.0,0,0.0,0.0
LES,2016,0,0.0,0.0,0,0.0,0.0
LIB,2016,0,0.0,0.0,0,0.0,0.0
LIE,2016,0,0.0,0.0,0,0.0,0.0
LTU,2016,7,4.39,2.6100000000000003,0,0.77,-0.77
LUX,2016,0,0.0,0.0,0,0.0,0.0
MAD,2016,0,0.0,0.0,0,0.0,0.0
MAR,2016,1,1.72,-0.72,0,0.14,-0.14
MAS,2016,6,0.91,5.09,0,0.0,0.0
MAW,2016,0,0.0,0.0,0,0.0,0.0
MDA,2016,0,1.66,-1.66,0,0.0,0.0
MDV,2016,0,0.0,0.0,0,0.0,0.0
MEX,2016,4,13.04,-9.04,0,10.68,-10.68
MGL,2016,2,4.37,-2.37,0,0.52,-0.52
MHL,2016,0,0.0,0.0,0,0.0,0.0
MKD,2016,0,0.01,-0.01,0,0.0,0.0
MLI,2016,0,0.0,0.0,0,0.0,0.0
MLT,2016,0,0.0,0.0,0,0.0,0.0
MNE,2016,0,8.68,-8.68,0,0.0,0.0
MON,2016,0,0.0,0.0,0,0.0,0.0
MOZ,2016,0,0.07,-0.07,0,0.07,-0.07
MRI,2016,0,0.28,-0.28,0,0.0,0.0
MTN,2016,0,0.0,0.0,0,0.0,0.0
MYA,2016,0,0.0,0.0,0,0.0,0.0
NAM,2016,0,0.04,-0.04,0,0.0,0.0
NCA,2016,0,0.0,0.0,0,0.0,0.0
NED,2016,29,27.54,1.4600000000000009,7,3.15,3.85
NEP,2016,0,0.0,0.0,0,0.0,0.0
NGR,2016,18,4.8,13.2,0,0.29,-0.29
NIG,2016,1,0.0,1.0,0,0.0,0.0
NOR,2016,19,17.26,1.7399999999999984,0,14.0,-14.0
NRU,2016,0,0.0,0.0,0,0.0,0.0
NZL,2016,36,22.03,13.969999999999999,6,7.32,-1.3200000000000003
OMA,2016,0,0.0,0.0,0,0.0,0.0
PAK,2016,0,0.0,0.0,0,0.0,0.0
PAN,2016,0,0.26,-0.26,0,0.26,-0.26
PAR,2016,0,0.68,-0.68,0,0.0,0.0
PER,2016,0,0.0,0.0,0,0.0,0.0
PHI,2016,1,0.02,0.98,0,0.0,0.0
PLE,2016,0,0.0,0.0,0,0.0,0.0
PLW,2016,0,0.0,0.0,0,0.0,0.0
PNG,2016,0,0.0,0.0,0,0.0,0.0
POL,2016,16,13.87,2.130000000000001,3,3.16,-0.16000000000000014
POR,2016,1,2.09,-1.0899999999999999,0,0.22,-0.22
PRK,2016,7,5.85,1.1500000000000004,2,3.08,-1.08
PUR,2016,1,1.32,-0.32000000000000006,1,0.0,1.0
QAT,2016,1,1.37,-0.3700000000000001,0,0.0,0.0
ROT,2016,0,0.0,0.0,0,0.0,0.0
ROU,2016,16,20.23,-4.23,4,5.07,-1.0700000000000003
RSA,2016,20,4.64,15.36,2,2.7,-0.7000000000000002
RUS,2016,87,116.38,-29.379999999999995,41,35.65,5.350000000000001
RWA,2016,0,0.0,0.0,0,0.0,0.0
SAM,2016,0,0.0,0.0,0,0.0,0.0
SEN,2016,0,0.0,0.0,0,0.0,0.0
SEY,2016,0,0.0,0.0,0,0.0,0.0
SGP,2016,0,3.18,-3.18,0,0.0,0.0
SKN,2016,0,0.0,0.0,0,0.0,0.0
SLE,2016,0,0.0,0.0,0,0.0,0.0
SLO,2016,4,4.72,-0.7199999999999998,1,0.95,0.050000000000000044
SMR,2016,0,0.0,0.0,0,0.0,0.0
SOL,2016,0,0.0,0.0,0,0.0,0.0
SOM,2016,0,0.0,0.0,0,0.0,0.0
SRB,2016,41,2.09,38.91,1,0.62,0.38
SRI,2016,0,0.04,-0.04,0,0.0,0.0
SSD,2016,0,0.0,0.0,0,0.0,0.0
STP,2016,0,0.0,0.0,0,0.0,0.0
SUD,2016,0,0.28,-0.28,0,0.0,0.0
SUI,2016,11,6.16,4.84,6,2.17,3.83
SUR,2016,0,0.0,0.0,0,0.0,0.0
SVK,2016,8,6.36,1.6399999999999997,3,1.2,1.8
SWE,2016,25,17.54,7.460000000000001,1,1.9,-0.8999999999999999
SWZ,2016,0,0.0,0.0,0,0.0,0.0
SYR,2016,0,0.12,-0.12,0,0.01,-0.01
TAN,2016,0,0.0,0.0,0,0.0,0.0
TGA,2016,0,0.0,0.0,0,0.0,0.0
THA,2016,6,3.65,2.35,2,0.87,1.13
TJK,2016,1,1.22,-0.21999999999999997,1,0.0,1.0
TKM,2016,0,0.0,0.0,0,0.0,0.0
TLS,2016,0,0.0,0.0,0,0.0,0.0
TOG,2016,0,0.25,-0.25,0,0.0,0.0
TPE,2016,5,2.98,2.02,1,0.16,0.84
TTO,2016,1,8.0,-7.0,0,1.67,-1.67
TUN,2016,3,0.65,2.35,0,0.0,0.0
TUR,2016,8,6.15,1.8499999999999996,1,1.78,-0.78
TUV,2016,0,0.0,0.0,0,0.0,0.0
UAE,2016,1,0.1,0.9,0,0.1,-0.1
UGA,2016,0,0.64,-0.64,0,0.62,-0.62
UKR,2016,15,28.3,-13.3,2,8.7,-6.699999999999999
URU,2016,0,0.04,-0.04,0,0.0,0.0
USA,2016,175,164.51,10.490000000000009,78,89.03,-11.030000000000001
UZB,2016,13,3.74,9.26,4,1.08,2.92
VAN,2016,0,0.0,0.0,0,0.0,0.0
VEN,2016,3,1.06,1.94,0,0.67,-0.67
VIE,2016,2,0.31,1.69,1,0.0,1.0
VIN,2016,0,0.0,0.0,0,0.0,0.0
YEM,2016,0,0.0,0.0,0,0.0,0.0
ZAM,2016,0,0.02,-0.02,0,0.0,0.0
ZIM,2016,0,0.0,0.0,0,0.0,0.0
AFG,2020,0,0.23,-0.23,0,0.0,0.0
ALB,2020,0,0.0,0.0,0,0.0,0.0
ALG,2020,0,1.85,-1.85,0,0.27,-0.27
AND,2020,0,0.0,0.0,0,0.0,0.0
ANG,2020,0,0.0,0.0,0,0.0,0.0
ANT,2020,0,0.0,0.0,0,0.0,0.0
ARG,2020,25,7.03,17.97,0,4.39,-4.39
ARM,2020,4,3.72,0.2799999999999998,0,0.65,-0.65
ARU,2020,0,0.0,0.0,0,0.0,0.0
ASA,2020,0,0.0,0.0,0,0.0,0.0
AUS,2020,54,49.34,4.659999999999997,13,14.7,-1.6999999999999993
AUT,2020,6,1.75,4.25,1,0.15,0.85
AZE,2020,5,14.68,-9.68,0,1.26,-1.26
BAH,2020,2,5.69,-3.6900000000000004,2,1.38,0.6200000000000001
BAN,2020,0,0.0,0.0,0,0.0,0.0
BAR,2020,0,0.01,-0.01,0,0.0,0.0
BDI,2020,0,0.59,-0.59,0,0.0,0.0
BEL,2020,9,3.91,5.09,2,1.36,0.6399999999999999
BEN,2020,0,0.0,0.0,0,0.0,0.0
BER,2020,1,0.0,1.0,1,0.0,1.0
BHU,2020,0,0.0,0.0,0,0.0,0.0
BIH,2020,0,0.0,0.0,0,0.0,0.0
BIZ,2020,0,0.0,0.0,0,0.0,0.0
BLR,2020,6,13.21,-7.210000000000001,1,1.02,-0.020000000000000018
BOL,2020,0,0.0,0.0,0,0.0,0.0
BOT,2020,6,0.24,5.76,0,0.0,0.0
BRA,2020,51,53.09,-2.0900000000000034,27,26.73,0.2699999999999996
BRN,2020,1,1.51,-0.51,0,0.59,-0.59
BRU,2020,0,0.0,0.0,0,0.0,0.0
BUL,2020,9,6.12,2.88,6,0.3,5.7
BUR,2020,1,0.0,1.0,0,0.0,0.0
CAF,2020,0,0.0,0.0,0,0.0,0.0
CAM,2020,0,0.0,0.0,0,0.0,0.0
CAN,2020,50,47.11,2.8900000000000006,35,2.13,32.87
CAY,2020,0,0.0,0.0,0,0.0,0.0
CGO,2020,0,0.0,0.0,0,0.0,0.0
CHA,2020,0,0.0,0.0,0,0.0,0.0
CHI,2020,0,0.35,-0.35,0,0.06,-0.06
CHN,2020,94,81.96,12.040000000000006,39,37.85,1.1499999999999986
CIV,2020,1,1.32,-0.32000000000000006,0,0.66,-0.66
CMR,2020,0,0.4,-0.4,0,0.4,-0.4
COD,2020,0,0.0,0.0,0,0.0,0.0
COK,2020,0,0.0,0.0,0,0.0,0.0
COL,2020,5,7.06,-2.0599999999999996,0,2.03,-2.03
COM,2020,0,0.0,0.0,0,0.0,0.0
CPV,2020,0,0.0,0.0,0,0.0,0.0
CRC,2020,0,0.0,0.0,0,0.0,0.0
CRO,2020,11,13.72,-2.7200000000000006,5,5.64,-0.6399999999999997
CUB,2020,14,14.03,-0.02999999999999936,6,4.95,1.0499999999999998
CYP,2020,0,0.26,-0.26,0,0.0,0.0
CZE,2020,9,13.92,-4.92,4,1.91,2.09
DEN,2020,30,29.22,0.7800000000000011,4,10.91,-6.91
DJI,2020,0,0.0,0.0,0,0.0,0.0
DMA,2020,0,0.0,0.0,0,0.0,0.0
DOM,2020,8,1.23,6.77,0,0.27,-0.27
ECU,2020,3,0.12,2.88,2,0.0,2.0
EGY,2020,4,2.65,1.35,0,0.03,-0.03
EOR,2020,0,0.0,0.0,0,0.0,0.0
ERI,2020,0,0.02,-0.02,0,0.0,0.0
ESA,2020,0,0.0,0.0,0,0.0,0.0
ESP,2020,49,41.45,7.549999999999997,3,7.11,-4.11
EST,2020,5,3.39,1.6099999999999999,4,0.12,3.88
ETH,2020,4,7.55,-3.55,1,1.89,-0.8899999999999999
FIJ,2020,26,7.93,18.07,13,7.93,5.07
FIN,2020,1,2.12,-1.12,0,0.12,-0.12
FRA,2020,139,78.15,60.849999999999994,64,20.6,43.4
FSM,2020,0,0.0,0.0,0,0.0,0.0
GAB,2020,0,0.31,-0.31,0,0.0,0.0
GAM,2020,0,0.0,0.0,0,0.0,0.0
GBR,2020,97,104.34,-7.340000000000003,27,43.71,-16.71
GBS,2020,0,0.0,0.0,0,0.0,0.0
GEO,2020,8,6.84,1.1600000000000001,2,1.88,0.1200000000000001
GEQ,2020,0,0.0,0.0,0,0.0,0.0
GER,2020,62,107.17,-45.17,15,40.6,-25.6
GHA,2020,1,0.0,1.0,0,0.0,0.0
GRE,2020,3,6.2,-3.2,2,2.2,-0.20000000000000018
GRN,2020,1,0.88,0.12,0,0.16,-0.16
GUA,2020,0,0.32,-0.32,0,0.0,0.0
GUI,2020,0,0.0,0.0,0,0.0,0.0
GUM,2020,0,0.0,0.0,0,0.0,0.0
GUY,2020,0,0.0,0.0,0,0.0,0.0
HAI,2020,0,0.0,0.0,0,0.0,0.0
HKG,2020,5,0.31,4.69,1,0.0,1.0
HON,2020,0,0.0,0.0,0,0.0,0.0
HUN,2020,11,17.07,-6.07,2,8.59,-6.59
INA,2020,6,4.03,1.9699999999999998,2,1.51,0.49
IND,2020,6,3.26,2.74,1,0.1,0.9
IRI,2020,6,8.22,-2.2200000000000006,2,3.03,-1.0299999999999998
IRL,2020,8,3.27,4.73,3,0.15,2.85
IRQ,2020,0,0.0,0.0,0,0.0,0.0
ISL,2020,0,1.02,-1.02,0,0.0,0.0
ISR,2020,14,1.49,12.51,2,0.01,1.99
ISV,2020,0,0.0,0.0,0,0.0,0.0
ITA,2020,59,43.23,15.770000000000003,21,9.05,11.95
IVB,2020,0,0.0,0.0,0,0.0,0.0
JAM,2020,21,26.01,-5.010000000000002,9,9.23,-0.23000000000000043
JOR,2020,1,0.69,0.31000000000000005,0,0.69,-0.69
JPN,2020,86,45.27,40.73,26,13.06,12.94
KAZ,2020,6,14.83,-8.83,0,2.84,-2.84
KEN,2020,10,12.03,-2.0299999999999994,4,4.87,-0.8700000000000001
KGZ,2020,3,0.22,2.78,0,0.0,0.0
KIR,2020,0,0.0,0.0,0,0.0,0.0
KOR,2020,38,36.77,1.2299999999999969,14,14.16,-0.16000000000000014
KOS,2020,2,0.66,1.3399999999999999,2,0.66,1.3399999999999999
KSA,2020,0,1.12,-1.12,0,0.0,0.0
KUW,2020,1,0.65,0.35,0,0.0,0.0
LAO,2020,0,0.0,0.0,0,0.0,0.0
LAT,2020,5,0.99,4.01,4,0.29,3.71
LBA,2020,0,0.0,0.0,0,0.0,0.0
LBN,2020,0,0.0,0.0,0,0.0,0.0
LBR,2020,0,0.0,0.0,0,0.0,0.0
LCA,2020,0,0.0,0.0,0,0.0,0.0
LES,2020,0,0.0,0.0,0,0.0,0.0
LIE,2020,0,0.0,0.0,0,0.0,0.0
LTU,2020,1,5.9,-4.9,0,0.31,-0.31
LUX,2020,0,0.0,0.0,0,0.0,0.0
MAD,2020,0,0.0,0.0,0,0.0,0.0
MAR,2020,1,1.12,-0.1200000000000001,1,0.02,0.98
MAS,2020,3,4.2,-1.2000000000000002,0,0.0,0.0
MAW,2020,0,0.0,0.0,0,0.0,0.0
MDA,2020,0,0.67,-0.67,0,0.0,0.0
MDV,2020,0,0.0,0.0,0,0.0,0.0
MEX,2020,25,7.26,17.740000000000002,0,3.89,-3.89
MGL,2020,4,2.69,1.31,0,0.08,-0.08
MKD,2020,1,0.0,1.0,0,0.0,0.0
MLI,2020,0,0.0,0.0,0,0.0,0.0
MLT,2020,0,0.0,0.0,0,0.0,0.0
MNE,2020,0,2.66,-2.66,0,0.0,0.0
MON,2020,0,0.0,0.0,0,0.0,0.0
MOZ,2020,0,0.02,-0.02,0,0.02,-0.02
MRI,2020,0,0.09,-0.09,0,0.0,0.0
MTN,2020,0,0.0,0.0,0,0.0,0.0
MYA,2020,0,0.0,0.0,0,0.0,0.0
NAM,2020,1,0.02,0.98,0,0.0,0.0
NCA,2020,0,0.0,0.0,0,0.0,0.0
NED,2020,51,28.7,22.3,15,5.91,9.09
NEP,2020,0,0.0,0.0,0,0.0,0.0
NGR,2020,2,14.67,-12.67,0,0.4,-0.4
NIG,2020,0,0.68,-0.68,0,0.0,0.0
NOR,2020,23,18.83,4.170000000000002,5,4.84,0.16000000000000014
NRU,2020,0,0.0,0.0,0,0.0,0.0
NZL,2020,61,29.62,31.38,25,6.05,18.95
OMA,2020,0,0.0,0.0,0,0.0,0.0
PAK,2020,0,0.0,0.0,0,0.0,0.0
PAN,2020,0,0.08,-0.08,0,0.08,-0.08
PAR,2020,0,0.51,-0.51,0,0.0,0.0
PER,2020,0,0.0,0.0,0,0.0,0.0
PHI,2020,4,0.66,3.34,1,0.0,1.0
PLE,2020,0,0.0,0.0,0,0.0,0.0
PLW,2020,0,0.0,0.0,0,0.0,0.0
PNG,2020,0,0.0,0.0,0,0.0,0.0
POL,2020,30,15.57,14.43,14,3.06,10.94
POR,2020,3,1.34,1.66,1,0.06,0.94
PUR,2020,1,1.06,-0.06000000000000005,1,0.58,0.42000000000000004
QAT,2020,4,1.06,2.94,2,0.0,2.0
ROC,2020,127,0.0,127.0,29,0.0,29.0
ROU,2020,9,17.81,-8.809999999999999,2,4.55,-2.55
RSA,2020,1,14.02,-13.02,0,2.22,-2.22
RWA,2020,0,0.0,0.0,0,0.0,0.0
SAM,2020,0,0.0,0.0,0,0.0,0.0
SEN,2020,0,0.0,0.0,0,0.0,0.0
SEY,2020,0,0.0,0.0,0,0.0,0.0
SGP,2020,0,1.33,-1.33,0,0.0,0.0
SKN,2020,0,0.0,0.0,0,0.0,0.0
SLE,2020,0,0.0,0.0,0,0.0,0.0
SLO,2020,4,4.32,-0.3200000000000003,2,0.99,1.01
SMR,2020,4,0.0,4.0,0,0.0,0.0
SOL,2020,0,0.0,0.0,0,0.0,0.0
SOM,2020,0,0.0,0.0,0,0.0,0.0
SRB,2020,21,27.18,-6.18,1,0.94,0.06000000000000005
SRI,2020,0,0.01,-0.01,0,0.0,0.0
SSD,2020,0,0.0,0.0,0,0.0,0.0
STP,2020,0,0.0,0.0,0,0.0,0.0
SUD,2020,0,0.05,-0.05,0,0.0,0.0
SUI,2020,13,9.56,3.4399999999999995,3,4.8,-1.7999999999999998
SUR,2020,0,0.0,0.0,0,0.0,0.0
SVK,2020,2,7.7,-5.7,1,2.59,-1.5899999999999999
SWE,2020,33,22.71,10.29,6,1.37,4.63
SWZ,2020,0,0.0,0.0,0,0.0,0.0
SYR,2020,1,0.05,0.95,0,0.0,0.0
TAN,2020,0,0.0,0.0,0,0.0,0.0
TGA,2020,0,0.0,0.0,0,0.0,0.0
THA,2020,2,5.25,-3.25,1,1.65,-0.6499999999999999
TJK,2020,0,1.06,-1.06,0,0.66,-0.66
TKM,2020,1,0.0,1.0,0,0.0,0.0
TLS,2020,0,0.0,0.0,0,0.0,0.0
TOG,2020,0,0.12,-0.12,0,0.0,0.0
TPE,2020,15,4.54,10.46,3,0.75,2.25
TTO,2020,0,3.42,-3.42,0,0.4,-0.4
TUN,2020,1,2.13,-1.13,0,0.0,0.0
TUR,2020,9,7.14,1.8600000000000003,2,1.32,0.6799999999999999
TUV,2020,0,0.0,0.0,0,0.0,0.0
UAE,2020,0,0.61,-0.61,0,0.03,-0.03
UGA,2020,4,0.25,3.75,2,0.25,1.75
UKR,2020,12,20.63,-8.629999999999999,1,4.97,-3.9699999999999998
URU,2020,0,0.01,-0.01,0,0.0,0.0
USA,2020,180,171.13,8.870000000000005,77,81.96,-4.959999999999994
UZB,2020,5,9.69,-4.6899999999999995,3,2.97,0.029999999999999805
VAN,2020,0,0.0,0.0,0,0.0,0.0
VEN,2020,4,2.47,1.5299999999999998,1,0.18,0.8200000000000001
VIE,2020,0,1.14,-1.14,0,0.51,-0.51
VIN,2020,0,0.0,0.0,0,0.0,0.0
YEM,2020,0,0.0,0.0,0,0.0,0.0
ZAM,2020,0,0.02,-0.02,0,0.0,0.0
ZIM,2020,0,0.0,0.0,0,0.0,0.0
AFG,2024,0,0.08,-0.08,0,0.0,0.0
AIN,2024,6,0.0,6.0,1,0.0,1.0
ALB,2024,2,0.0,2.0,0,0.0,0.0
ALG,2024,3,0.71,2.29,2,0.05,1.95
AND,2024,0,0.0,0.0,0,0.0,0.0
ANG,2024,0,0.0,0.0,0,0.0,0.0
ANT,2024,0,0.0,0.0,0,0.0,0.0
ARG,2024,3,17.85,-14.850000000000001,1,1.26,-0.26
ARM,2024,4,4.05,-0.04999999999999982,0,0.24,-0.24
ARU,2024,0,0.0,0.0,0,0.0,0.0
ASA,2024,0,0.0,0.0,0,0.0,0.0
AUS,2024,47,52.24,-5.240000000000002,13,13.48,-0.4800000000000004
AUT,2024,6,3.98,2.02,3,0.59,2.41
AZE,2024,7,8.52,-1.5199999999999996,2,0.42,1.58
BAH,2024,0,3.33,-3.33,0,1.78,-1.78
BAN,2024,0,0.0,0.0,0,0.0,0.0
BAR,2024,0,0.0,0.0,0,0.0,0.0
BDI,2024,0,0.26,-0.26,0,0.0,0.0
BEL,2024,9,7.14,1.8600000000000003,3,1.77,1.23
BEN,2024,0,0.0,0.0,0,0.0,0.0
BER,2024,0,0.58,-0.58,0,0.58,-0.58
BHU,2024,0,0.0,0.0,0,0.0,0.0
BIH,2024,0,0.0,0.0,0,0.0,0.0
BIZ,2024,0,0.0,0.0,0,0.0,0.0
BOL,2024,0,0.0,0.0,0,0.0,0.0
BOT,2024,7,4.01,2.99,1,0.0,1.0
BRA,2024,66,50.4,15.600000000000001,4,26.76,-22.76
BRN,2024,4,1.09,2.91,2,0.21,1.79
BRU,2024,0,0.0,0.0,0,0.0,0.0
BUL,2024,7,8.03,-1.0299999999999994,3,3.72,-0.7200000000000002
BUR,2024,0,0.59,-0.59,0,0.0,0.0
CAF,2024,0,0.0,0.0,0,0.0,0.0
CAM,2024,0,0.0,0.0,0,0.0,0.0
CAN,2024,44,48.79,-4.789999999999999,10,24.09,-14.09
CAY,2024,0,0.0,0.0,0,0.0,0.0
CGO,2024,0,0.0,0.0,0,0.0,0.0
CHA,2024,0,0.0,0.0,0,0.0,0.0
CHI,2024,2,0.19,1.81,1,0.0,1.0
CHN,2024,85,88.66,-3.6599999999999966,38,38.42,-0.4200000000000017
CIV,2024,1,1.04,-0.040000000000000036,0,0.19,-0.19
CMR,2024,0,0.2,-0.2,0,0.2,-0.2
COD,2024,0,0.0,0.0,0,0.0,0.0
COK,2024,0,0.0,0.0,0,0.0,0.0
COL,2024,4,5.7,-1.7000000000000002,0,0.82,-0.82
COM,2024,0,0.0,0.0,0,0.0,0.0
CPV,2024,1,0.0,1.0,0,0.0,0.0
CRC,2024,0,0.0,0.0,0,0.0,0.0
CRO,2024,7,11.57,-4.57,3,4.86,-1.8600000000000003
CUB,2024,8,14.48,-6.48,2,5.54,-3.54
CYP,2024,1,0.08,0.92,0,0.0,0.0
CZE,2024,7,10.65,-3.6500000000000004,2,3.28,-1.2799999999999998
DEN,2024,40,29.77,10.23,17,6.46,10.54
DJI,2024,0,0.0,0.0,0,0.0,0.0
DMA,2024,1,0.0,1.0,1,0.0,1.0
DOM,2024,3,5.45,-2.45,1,0.21,0.79
ECU,2024,6,1.9,4.1,1,1.25,-0.25
EGY,2024,3,3.63,-0.6299999999999999,1,0.0,1.0
EOR,2024,1,0.0,1.0,0,0.0,0.0
ERI,2024,0,0.0,0.0,0,0.0,0.0
ESA,2024,0,0.0,0.0,0,0.0,0.0
ESP,2024,54,45.79,8.21,27,4.51,22.490000000000002
EST,2024,0,4.46,-4.46,0,2.89,-2.89
ETH,2024,4,5.28,-1.2800000000000002,1,1.27,-0.27
FIJ,2024,14,18.2,-4.199999999999999,0,10.53,-10.53
FIN,2024,0,1.69,-1.69,0,0.07,-0.07
FRA,2024,172,116.66,55.34,48,46.99,1.009999999999998
FSM,2024,0,0.0,0.0,0,0.0,0.0
GAB,2024,0,0.08,-0.08,0,0.0,0.0
GAM,2024,0,0.0,0.0,0,0.0,0.0
GBR,2024,131,99.7,31.299999999999997,33,32.99,0.00999999999999801
GBS,2024,0,0.0,0.0,0,0.0,0.0
GEO,2024,7,7.57,-0.5700000000000003,3,1.93,1.07
GEQ,2024,0,0.0,0.0,0,0.0,0.0
GER,2024,74,75.55,-1.5499999999999972,14,22.48,-8.48
GHA,2024,0,0.66,-0.66,0,0.0,0.0
GRE,2024,9,3.85,5.15,1,1.98,-0.98
GRN,2024,2,0.94,1.06,0,0.08,-0.08
GUA,2024,2,0.07,1.93,1,0.0,1.0
GUI,2024,0,0.0,0.0,0,0.0,0.0
GUM,2024,0,0.0,0.0,0,0.0,0.0
GUY,2024,0,0.0,0.0,0,0.0,0.0
HAI,2024,0,0.0,0.0,0,0.0,0.0
HKG,2024,2,3.21,-1.21,2,0.62,1.38
HON,2024,0,0.0,0.0,0,0.0,0.0
HUN,2024,13,14.22,-1.2200000000000006,6,5.12,0.8799999999999999
INA,2024,3,5.27,-2.2699999999999996,2,1.76,0.24
IND,2024,6,4.91,1.0899999999999999,0,0.64,-0.64
IRI,2024,12,6.72,5.28,3,2.35,0.6499999999999999
IRL,2024,6,6.13,-0.1299999999999999,4,1.89,2.1100000000000003
IRQ,2024,0,0.0,0.0,0,0.0,0.0
ISL,2024,0,0.28,-0.28,0,0.0,0.0
ISR,2024,11,9.03,1.9700000000000006,1,1.24,-0.24
ISV,2024,0,0.0,0.0,0,0.0,0.0
ITA,2024,71,51.68,19.32,28,15.46,12.54
IVB,2024,0,0.0,0.0,0,0.0,0.0
JAM,2024,6,22.3,-16.3,1,8.78,-7.779999999999999
JOR,2024,1,0.83,0.17000000000000004,0,0.26,-0.26
JPN,2024,80,74.24,5.760000000000005,27,21.83,5.170000000000002
KAZ,2024,8,8.68,-0.6799999999999997,1,0.83,0.17000000000000004
KEN,2024,11,10.76,0.2400000000000002,4,4.35,-0.34999999999999964
KGZ,2024,6,1.94,4.0600000000000005,0,0.0,0.0
KIR,2024,0,0.0,0.0,0,0.0,0.0
KOR,2024,57,38.04,18.96,21,14.21,6.789999999999999
KOS,2024,2,1.46,0.54,0,1.47,-1.47
KSA,2024,0,0.52,-0.52,0,0.0,0.0
KUW,2024,0,0.88,-0.88,0,0.0,0.0
LAO,2024,0,0.0,0.0,0,0.0,0.0
LAT,2024,0,3.75,-3.75,0,2.73,-2.73
LBA,2024,0,0.0,0.0,0,0.0,0.0
LBN,2024,0,0.0,0.0,0,0.0,0.0
LBR,2024,0,0.0,0.0,0,0.0,0.0
LCA,2024,2,0.0,2.0,1,0.0,1.0
LES,2024,0,0.0,0.0,0,0.0,0.0
LIE,2024,0,0.0,0.0,0,0.0,0.0
LTU,2024,7,2.74,4.26,0,0.04,-0.04
LUX,2024,0,0.0,0.0,0,0.0,0.0
MAD,2024,0,0.0,0.0,0,0.0,0.0
MAR,2024,20,1.03,18.97,1,0.61,0.39
MAS,2024,3,3.41,-0.41000000000000014,0,0.0,0.0
MAW,2024,0,0.0,0.0,0,0.0,0.0
MDA,2024,3,0.17,2.83,0,0.0,0.0
MDV,2024,0,0.0,0.0,0,0.0,0.0
MEX,2024,5,15.92,-10.92,0,1.05,-1.05
MGL,2024,1,3.58,-2.58,0,0.06,-0.06
MHL,2024,0,0.0,0.0,0,0.0,0.0
MKD,2024,0,0.6,-0.6,0,0.0,0.0
MLI,2024,0,0.0,0.0,0,0.0,0.0
MLT,2024,0,0.0,0.0,0,0.0,0.0
MNE,2024,0,0.98,-0.98,0,0.0,0.0
MON,2024,0,0.0,0.0,0,0.0,0.0
MOZ,2024,0,0.0,0.0,0,0.0,0.0
MRI,2024,0,0.03,-0.03,0,0.0,0.0
MTN,2024,0,0.0,0.0,0,0.0,0.0
MYA,2024,0,0.0,0.0,0,0.0,0.0
NAM,2024,0,0.63,-0.63,0,0.0,0.0
NCA,2024,0,0.0,0.0,0,0.0,0.0
NED,2024,65,41.09,23.909999999999997,31,10.83,20.17
NEP,2024,0,0.0,0.0,0,0.0,0.0
NGR,2024,0,5.67,-5.67,0,0.0,0.0
NIG,2024,0,0.16,-0.16,0,0.0,0.0
NOR,2024,23,21.39,1.6099999999999994,18,4.83,13.17
NRU,2024,0,0.0,0.0,0,0.0,0.0
NZL,2024,43,52.52,-9.520000000000003,18,19.72,-1.7199999999999989
OMA,2024,0,0.0,0.0,0,0.0,0.0
PAK,2024,1,0.0,1.0,1,0.0,1.0
PAN,2024,1,0.05,0.95,0,0.04,-0.04
PAR,2024,0,0.0,0.0,0,0.0,0.0
PER,2024,1,0.0,1.0,0,0.0,0.0
PHI,2024,4,2.74,1.2599999999999998,2,0.62,1.38
PLE,2024,0,0.0,0.0,0,0.0,0.0
PLW,2024,0,0.0,0.0,0,0.0,0.0
PNG,2024,0,0.0,0.0,0,0.0,0.0
POL,2024,27,24.81,2.1900000000000013,1,10.23,-9.23
POR,2024,5,2.51,2.49,2,0.72,1.28
PRK,2024,5,6.47,-1.4699999999999998,0,2.32,-2.32
PUR,2024,2,1.05,0.95,0,0.91,-0.91
QAT,2024,1,2.98,-1.98,0,1.36,-1.36
ROU,2024,19,11.62,7.380000000000001,11,2.5,8.5
RSA,2024,19,4.6,14.4,0,0.6,-0.6
RWA,2024,0,0.0,0.0,0,0.0,0.0
SAM,2024,0,0.0,0.0,0,0.0,0.0
SEN,2024,0,0.0,0.0,0,0.0,0.0
SEY,2024,0,0.0,0.0,0,0.0,0.0
SGP,2024,1,0.47,0.53,0,0.0,0.0
SKN,2024,0,0.0,0.0,0,0.0,0.0
SLE,2024,0,0.0,0.0,0,0.0,0.0
SLO,2024,3,4.09,-1.0899999999999999,2,1.6,0.3999999999999999
SMR,2024,0,2.4,-2.4,0,0.0,0.0
SOL,2024,0,0.0,0.0,0,0.0,0.0
SOM,2024,0,0.0,0.0,0,0.0,0.0
SRB,2024,16,22.93,-6.93,3,0.99,2.01
SRI,2024,0,0.0,0.0,0,0.0,0.0
SSD,2024,0,0.0,0.0,0,0.0,0.0
STP,2024,0,0.0,0.0,0,0.0,0.0
SUD,2024,0,0.0,0.0,0,0.0,0.0
SUI,2024,9,11.77,-2.7699999999999996,1,3.41,-2.41
SUR,2024,0,0.0,0.0,0,0.0,0.0
SVK,2024,0,4.04,-4.04,0,1.47,-1.47
SWE,2024,14,28.55,-14.55,3,4.08,-1.08
SWZ,2024,0,0.0,0.0,0,0.0,0.0
SYR,2024,0,0.66,-0.66,0,0.0,0.0
TAN,2024,0,0.0,0.0,0,0.0,0.0
TGA,2024,0,0.0,0.0,0,0.0,0.0
THA,2024,6,2.93,3.07,1,1.14,-0.1399999999999999
TJK,2024,3,0.32,2.68,0,0.22,-0.22
TKM,2024,0,0.59,-0.59,0,0.0,0.0
TLS,2024,0,0.0,0.0,0,0.0,0.0
TOG,2024,0,0.06,-0.06,0,0.0,0.0
TPE,2024,8,11.56,-3.5600000000000005,3,2.26,0.7400000000000002
TTO,2024,0,1.56,-1.56,0,0.34,-0.34
TUN,2024,3,1.38,1.62,1,0.0,1.0
TUR,2024,11,8.28,2.7200000000000006,0,1.76,-1.76
TUV,2024,0,0.0,0.0,0,0.0,0.0
UAE,2024,0,0.18,-0.18,0,0.04,-0.04
UGA,2024,2,2.49,-0.4900000000000002,1,1.29,-0.29000000000000004
UKR,2024,14,14.62,-0.6199999999999992,6,2.21,3.79
URU,2024,0,0.0,0.0,0,0.0,0.0
USA,2024,226,177.42,48.58000000000001,104,78.44,25.560000000000002
UZB,2024,13,6.9,6.1,8,3.02,4.98
VAN,2024,0,0.0,0.0,0,0.0,0.0
VEN,2024,0,3.41,-3.41,0,0.67,-0.67
VIE,2024,0,0.46,-0.46,0,0.23,-0.23
VIN,2024,0,0.0,0.0,0,0.0,0.0
YEM,2024,0,0.0,0.0,0,0.0,0.0
ZAM,2024,1,0.0,1.0,0,0.0,0.0
ZIM,2024,0,0.0,0.0,0,0.0,0.0
