Y,shiftX_0
609.67,621.65
610.92,609.67
608.82,610.92
610.38,608.82
609.11,610.38
607.04,609.11
611.58,607.04
610.19,611.58
608.66,610.19
598.88,608.66
597.42,598.88
594.08,597.42
603.88,594.08
601.74,603.88
598.98,601.74
605.96,598.98
605.67,605.96
603.85,605.67
609.39,603.85
614.82,609.39
612.98,614.82
611.85,612.98
609.62,611.85
607.18,609.62
612.08,607.18
617.21,612.08
614.74,617.21
615.65,614.74
617.54,615.65
614.77,617.54
635.01,614.77
635.96,635.01
634.02,635.96
637.94,634.02
641.42,637.94
638.97,641.42
636.29,638.97
629.25,636.29
627.72,629.25
631.92,627.72
655.48,631.92
653.25,655.48
651.39,653.25
655.31,651.39
651.45,655.31
682.22,651.45
687.68,682.22
685.91,687.68
698.0,685.91
702.0,698.0
697.01,702.0
733.33,697.01
686.17,733.33
683.69,686.17
704.79,683.69
712.0,704.79
709.96,712.0
708.97,709.96
720.93,708.97
721.5,720.93
715.45,721.5
703.71,715.45
702.28,703.71
706.46,702.28
710.91,706.46
711.73,710.91
736.96,711.73
747.52,736.96
748.98,747.52
729.06,748.98
738.53,729.06
736.97,738.53
741.63,736.97
737.45,741.63
735.64,737.45
733.67,735.64
727.96,733.67
727.31,727.96
732.71,727.31
742.69,732.71
742.05,742.69
772.43,742.05
764.33,772.43
762.97,764.33
754.63,762.97
756.62,754.63
758.99,756.62
769.72,758.99
770.02,769.72
769.08,770.02
777.0,769.08
777.0,777.0
777.99,777.0
774.89,777.99
776.75,774.89
775.88,776.75
788.7,775.88
788.4,788.7
788.67,788.4
793.09,788.67
824.21,793.09
834.97,824.21
901.31,834.97
891.61,901.31
892.6,891.61
897.33,892.6
930.37,897.33
930.34,930.37
963.38,930.34
952.15,963.38
958.12,952.15
997.72,958.12
1015.97,997.72
1013.42,1015.97
1126.76,1013.42
994.67,1126.76
999.65,994.67
896.83,999.65
908.14,896.83
910.49,908.14
906.05,910.49
785.22,906.05
780.92,785.22
826.29,780.92
817.91,826.29
819.55,817.91
830.5,819.55
903.84,830.5
906.6,903.84
895.798875,906.6
893.6210875,895.798875
895.64,893.6210875
918.603625,895.64
922.0736125,918.603625
919.97,922.0736125
893.045625,919.97
915.95625,893.045625
915.05,915.95625
920.31225,915.05
915.933,920.31225
912.19,915.933
964.706075,912.19
979.703875,964.706075
983.42,979.703875
1013.027,983.42
1030.999413,1013.027
1034.07,1030.999413
1024.01375,1034.07
1050.11,1024.01375
1052.84,1050.11
976.103,1052.84
999.1035,976.103
997.59,999.1035
1000.604625,997.59
999.877375,1000.604625
1001.2,999.877375
1012.325988,1001.2
1035.208125,1012.325988
1035.2,1035.208125
1056.637138,1035.2
1052.779286,1056.637138
1050.87,1052.779286
1123.788429,1050.87
1123.223188,1123.788429
1130.01,1123.223188
1174.86625,1130.01
1150.605714,1174.86625
1150.37,1150.605714
1190.75195,1150.37
1187.565286,1190.75195
1190.89,1187.565286
1259.410817,1190.89
1285.14,1259.410817
1287.0,1285.14
1270.9333,1287.0
1275.197375,1270.9333
1279.5,1275.197375
1157.3933,1279.5
1192.469143,1157.3933
1192.09,1192.469143
1179.159875,1192.09
1227.494625,1179.159875
1227.68,1227.494625
1245.370786,1227.68
1257.399625,1245.370786
1257.0,1257.399625
1091.171888,1257.0
952.2323625,1091.171888
967.69,952.2323625
1049.084488,967.69
1118.630043,1049.084488
1113.0,1118.630043
1038.789,1113.0
941.9197143,1038.789
927.93,941.9197143
956.7863125,927.93
1037.22925,956.7863125
1041.04,1037.22925
1040.5755,1041.04
1037.90455,1040.5755
1034.74,1037.90455
1086.929571,1034.74
1099.169125,1086.929571
1079.99,1099.169125
1141.600363,1079.99
1133.079314,1141.600363
1133.53,1133.079314
1190.45425,1133.53
1181.149838,1190.45425
1184.03,1181.149838
1207.744875,1184.03
1226.617038,1207.744875
1219.09,1226.617038
1180.023713,1219.09
1185.260057,1180.023713
1170.36,1185.260057
1186.927413,1170.36
1205.634875,1186.927413
1176.97,1205.634875
1217.930088,1176.97
1241.686325,1217.930088
1236.63,1241.686325
1261.311225,1236.63
1257.988113,1261.311225
1240.84,1257.988113
1279.414688,1240.84
1309.109875,1279.414688
1288.02,1309.109875
1331.294429,1288.02
1334.979038,1331.294429
1333.0,1334.979038
1417.172813,1333.0
1452.076288,1417.172813
1447.55,1452.076288
1508.292125,1447.55
1533.335071,1508.292125
1518.75,1533.335071
1535.868429,1518.75
1640.619225,1535.868429
1651.1,1640.619225
1762.88625,1651.1
1820.990563,1762.88625
1829.0,1820.990563
1771.920013,1829.0
1776.3165,1771.920013
1780.0,1776.3165
1739.031975,1780.0
1807.485063,1739.031975
1783.98,1807.485063
1961.520488,1783.98
2052.909788,1961.520488
2008.84,2052.909788
2090.662313,2008.84
2287.710288,2090.662313
2256.32,2287.710288
2387.206286,2256.32
2211.976857,2387.206286
2279.82,2211.976857
2192.9808,2279.82
2275.9307,2192.9808
2290.02,2275.9307
2285.933914,2290.02
2399.242671,2285.933914
2409.93,2399.242671
2525.765158,2409.93
2516.173143,2525.765158
2529.53,2516.173143
2883.313697,2529.53
2664.920863,2883.313697
2683.03,2664.920863
2827.4913,2683.03
2845.372857,2827.4913
2898.63,2845.372857
2657.675063,2898.63
2748.185086,2657.675063
2706.0,2748.185086
2442.48025,2706.0
2464.959814,2442.48025
2477.94,2464.959814
2507.389252,2477.94
2617.210263,2507.389252
2600.0,2617.210263
2671.04325,2600.0
2727.288013,2671.04325
2713.48,2727.288013
2589.164888,2713.48
2512.366286,2589.164888
2502.03,2512.366286
2517.903114,2502.03
2585.349186,2517.903114
2558.3,2585.349186
2477.641375,2558.3
2501.191343,2477.641375
2421.26,2501.191343
2561.225429,2421.26
2599.729838,2561.225429
2598.89,2599.729838
2609.96775,2598.89
2491.201214,2609.96775
2502.86,2491.201214
2536.238938,2502.86
2366.170143,2536.238938
2327.09,2366.170143
2385.748571,2327.09
2354.783417,2385.748571
2338.49,2354.783417
2058.9956,2338.49
1931.2143,2058.9956
1910.96,1931.2143
2320.12225,1910.96
2264.7657,2320.12225
2265.21,2264.7657
2682.195363,2265.21
2807.609857,2682.195363
2825.51,2807.609857
2751.821029,2825.51
2560.997917,2751.821029
2564.3,2560.997917
2647.625,2564.3
2781.636583,2647.625
2784.8,2781.636583
2745.955417,2784.8
2866.431667,2745.955417
2862.9,2866.431667
2693.633983,2862.9
2794.117717,2693.633983
2790.0,2794.117717
3218.115017,2790.0
3252.562533,3218.115017
3210.2,3252.562533
3457.374333,3210.2
3357.326317,3457.374333
3340.28,3357.326317
3632.506667,3340.28
3852.802914,3632.506667
3868.52,3852.802914
4282.992,3868.52
4217.028329,4282.992
4179.97,4217.028329
4328.725717,4179.97
4130.440067,4328.725717
4104.71,4130.440067
4157.958033,4104.71
4043.722,4157.958033
3986.28,4043.722
4174.95,3986.28
4340.316717,4174.95
4331.77,4340.316717
4360.513317,4331.77
4354.308333,4360.513317
4339.05,4354.308333
4607.98545,4339.05
4594.98785,4607.98545
4582.52,4594.98785
4911.740017,4582.52
4580.38748,4911.740017
4585.57,4580.38748
4344.098317,4585.57
4488.72014,4344.098317
4385.02,4488.72014
4654.6585,4385.02
4310.750183,4654.6585
4312.26,4310.750183
4329.955,4312.26
4248.090017,4329.955
4198.59,4248.090017
3961.271267,4198.59
3319.63,3961.271267
3216.43,3319.63
3763.62604,3216.43
3746.060783,3763.62604
3678.53,3746.060783
3943.413333,3678.53
3977.561667,3943.413333
3894.48,3977.561667
3637.50255,3894.48
3776.3869,3637.50255
3777.62,3776.3869
3942.555,3777.62
3910.307383,3942.555
3881.0,3910.307383
4201.98905,3881.0
4193.574667,4201.98905
4164.27,4193.574667
4360.722967,4164.27
4386.88375,4360.722967
4394.07,4386.88375
4225.175,4394.07
4338.852,4225.175
4318.58,4338.852
4376.191667,4318.58
4602.280883,4376.191667
4605.66,4602.280883
4782.28,4605.66
4819.485767,4782.28
4822.17,4819.485767
5563.806567,4822.17
5739.438733,5563.806567
5825.99,5739.438733
5711.205867,5825.99
5603.71294,5711.205867
5594.66,5603.71294
5727.6335,5594.66
5979.45984,5727.6335
5986.44,5979.45984
5983.18455,5986.44
5876.079867,5983.18455
5900.59,5876.079867
5669.622533,5900.59
5893.138417,5669.622533
5889.82,5893.138417
5776.69695,5889.82
6155.43402,5776.69695
6136.49,6155.43402
6388.645167,6136.49
6665.306683,6388.645167
6751.98,6665.306683
7197.72006,6751.98
7437.543317,7197.72006
7365.99,7437.543317
6989.071667,7365.99
7092.127233,6989.071667
7128.64,7092.127233
7158.03706,7128.64
6719.39785,7158.03706
6569.22,6719.39785
5716.301583,6569.22
6550.227533,5716.301583
6493.63,6550.227533
7301.42992,6493.63
7815.0307,7301.42992
7868.77,7815.0307
7817.140383,7868.77
8007.654067,7817.140383
8049.72,8007.654067
8059.8,8049.72
8268.035,8059.8
8236.72,8268.035
8250.978333,8236.72
8707.407267,8250.978333
8768.8,8707.407267
9718.29505,8768.8
9952.50882,9718.29505
9919.0,9952.50882
10147.372,9919.0
10883.912,10147.372
10879.88,10883.912
11332.622,10879.88
11584.83,11332.622
11591.22,11584.83
13540.98,11591.22
16501.97167,13540.98
16860.88,16501.97167
15142.83415,16860.88
14869.805,15142.83415
15068.95,14869.805
17276.39333,15068.95
16808.36667,17276.39333
16252.31,16808.36667
17771.9,16252.31
19498.68333,17771.9
19279.9,19498.68333
18961.85667,19279.9
17737.11167,18961.85667
17382.94,17737.11167
16047.51,17382.94
15190.945,16047.51
13776.61,15190.945
13949.175,13776.61
14119.02833,13949.175
13740.94,14119.02833
15589.32167,13740.94
14380.58167,15589.32167
14214.01,14380.58167
13215.574,14214.01
14165.575,13215.574
13796.0,14165.575
15005.85667,13796.0
15053.26167,15005.85667
15039.24,15053.26167
17174.12,15039.24
17319.198,17174.12
17155.95,17319.198
15265.90667,17155.95
14714.25333,15265.90667
14437.42,14714.25333
13296.794,14437.42
13912.882,13296.794
13791.19,13912.882
13852.92,13791.19
14012.196,13852.92
13554.14,14012.196
11116.94667,13554.14
11345.42333,11116.94667
11174.82,11345.42333
12950.79333,11174.82
11505.228,12950.79333
11513.42,11505.228
11223.064,11513.42
11282.25833,11223.064
11392.03,11282.25833
10969.815,11392.03
11524.77667,10969.815
11431.37,11524.77667
11212.655,11431.37
10184.06167,11212.655
10082.52,10184.06167
9083.258333,10082.52
8901.901667,9083.258333
8852.73,8901.901667
8400.648333,8852.73
6838.816667,8400.648333
6925.46,6838.816667
8099.958333,6925.46
8240.536667,8099.958333
8245.08,8240.536667
8319.876566,8245.08
8343.455,8319.876566
8068.02,8343.455
8597.7675,8068.02
9334.633333,8597.7675
9471.64,9334.633333
10127.16167,9471.64
10841.99167,10127.16167
11085.83,10841.99167
11110.965,11085.83
11390.39167,11110.965
11245.98,11390.39167
9931.071667,11245.98
10162.11667,9931.071667
10171.3,10162.11667
9696.593333,10171.3
10348.60333,9696.593333
10319.46,10348.60333
10370.165,10319.46
11009.38167,10370.165
10931.12,11009.38167
11326.94833,10931.12
11430.18167,11326.94833
11516.83,11430.18167
10763.19833,11516.83
10118.058,10763.19833
9920.46,10118.058
9089.278333,9920.46
8746.002,9089.278333
8777.37,8746.002
9182.843333,8777.37
9154.7,9182.843333
9153.54,9154.7
8358.121667,9153.54
8530.402,8358.121667
8297.89,8530.402
8171.415,8297.89
8412.033333,8171.415
8605.64,8412.033333
8947.753333,8605.64
8690.408333,8947.753333
8725.37,8690.408333
8662.378333,8725.37
8617.296667,8662.378333
8457.96,8617.296667
7876.195,8457.96
7960.38,7876.195
7950.61,7960.38
6882.531667,7950.61
6935.48,6882.531667
6937.56,6935.48
7035.848333,6937.56
7410.435,7035.848333
7426.48,7410.435
6826.51,7426.48
6603.876667,6826.51
6634.68,6603.876667
7017.656667,6634.68
6699.273333,7017.656667
6784.41,6699.273333
6926.266667,6784.41
7847.845,6926.266667
7941.46,7847.845
8036.511051,7941.46
8340.748333,8036.511051
8368.1,8340.748333
7895.416926,8368.1
8164.937426,7895.416926
8175.96,8164.937426
8852.718333,8175.96
8807.205,8852.718333
8930.6,8807.205
8933.861667,8930.6
9555.542,8933.861667
9658.11,9555.542
9258.398333,9658.11
9010.32,9258.398333
8928.55,9010.32
9334.281667,8928.55
9259.57,9334.281667
9239.55,9259.57
9221.426,9239.55
9639.268333,9221.426
9753.35,9639.268333
9803.306667,9753.35
9630.136277,9803.306667
9631.44,9630.136277
9228.608333,9631.44
9322.041667,9228.608333
9310.37,9322.041667
8468.788,9310.37
8484.346667,8468.788
8463.52,8484.346667
8652.038333,8463.52
8511.458,8652.038333
8471.06,8511.458
8106.118333,8471.06
8240.055,8106.118333
8239.08,8240.055
8507.406667,8239.08
8385.556187,8507.406667
8396.63,8385.556187
7555.74,8396.63
7566.193333,7555.74
7576.78,7566.193333
7342.908333,7576.78
7361.831667,7342.908333
7344.56,7361.831667
7459.876667,7344.56
7385.395,7459.876667
7386.72,7385.395
7535.146667,7386.72
7645.146667,7535.146667
7637.14,7645.146667
7500.273333,7637.14
7615.722142,7500.273333
7619.43,7615.722142
7676.271667,7619.43
7620.153333,7676.271667
7615.54,7620.153333
6776.888333,7615.54
6875.678333,6776.888333
6879.31,6875.678333
6315.7,6879.31
6647.013333,6315.7
6637.41,6647.013333
6509.426667,6637.41
6464.411667,6509.426667
6445.79,6464.411667
6737.0,6445.79
6714.718333,6737.0
6760.83,6714.718333
6332.573333,6760.83
6141.605833,6332.573333
6170.46,6141.605833
6211.4475,6170.46
6218.595,6211.4475
6097.46,6218.595
6107.896154,6097.46
5908.7025,6107.896154
6223.28,5908.7025
6374.754167,6223.28
6466.069167,6374.754167
6626.44,6466.069167
6593.289167,6626.44
6603.376667,6593.289167
6555.51,6603.376667
6594.281667,6555.51
6753.559167,6594.281667
6724.04,6753.559167
6510.791667,6724.04
6377.363333,6510.791667
6403.18,6377.363333
6244.3575,6403.18
6241.0,6244.3575
6248.84,6241.0
6514.390833,6248.84
6869.910833,6514.390833
7321.62,6869.910833
7396.401667,7321.62
7428.045,7396.401667
7334.99,7428.045
7451.289167,7334.99
7689.884167,7451.289167
7715.1,7689.884167
8251.165,7715.1
8187.324167,8251.165
7939.81,8187.324167
8182.251667,7939.81
8206.341667,8182.251667
8220.91,8206.341667
7916.800833,8220.91
7570.869167,7916.800833
7607.7,7570.869167
7394.499167,7607.7
7247.769167,7394.499167
7011.28,7247.769167
6988.079167,7011.28
6993.513333,6988.079167
6718.23,6993.513333
6396.7725,6718.23
6396.494667,6396.7725
6138.96,6396.494667
6311.131667,6138.96
6347.07,6311.131667
6252.13,6347.07
6362.676923,6252.13
6342.629231,6362.676923
6312.75,6342.629231
6436.720833,6312.75
6404.063333,6436.720833
6486.58,6404.063333
6401.246154,6486.58
6575.229167,6401.246154
6354.57,6575.229167
6543.645714,6354.57
6719.429231,6543.645714
6738.27,6719.429231
6719.266154,6738.27
7000.04,6719.266154
7078.19,7000.04
6932.6625,7078.19
6981.946154,6932.6625
7018.78,6981.946154
7247.935385,7018.78
7260.949231,7247.935385
7265.08,7260.949231
7113.069231,7265.08
6433.271667,7113.069231
6501.19,6433.271667
6366.1075,6501.19
6286.425833,6366.1075
6240.98,6286.425833
6296.320833,6240.98
6273.1375,6296.320833
6326.04,6273.1375
6499.0625,6326.04
6518.655,6499.0625
6522.39,6518.655
6400.600833,6522.39
6296.631667,6400.600833
6342.39,6296.631667
6418.562667,6342.39
6669.990833,6418.562667
6756.12,6669.990833
6710.445,6756.12
6639.304167,6710.445
6583.45,6639.304167
6468.631667,6583.45
6535.476667,6468.631667
6686.08,6535.476667
6550.474167,6686.08
6593.135,6550.474167
6611.02,6593.135
6562.641667,6611.02
6470.4025,6562.641667
6483.73,6470.4025
6568.549167,6483.73
6581.486667,6568.549167
6573.62,6581.486667
6618.567692,6573.62
6621.711667,6618.567692
6626.85,6621.711667
6248.635833,6626.85
6260.530833,6248.635833
6247.0,6260.530833
6299.399167,6247.0
6452.571667,6299.399167
6599.17,6452.571667
6596.276154,6599.17
6568.040769,6596.276154
6509.61,6568.040769
6488.825833,6509.61
6531.601667,6488.825833
6504.78,6531.601667
6481.426,6504.78
6508.31,6481.426
6489.77,6508.31
6473.753333,6489.77
6465.9175,6473.753333
6457.21,6465.9175
6382.668333,6457.21
6309.452857,6382.668333
6301.61,6309.452857
6342.280833,6301.61
6387.674167,6342.280833
6390.42,6387.674167
6391.873333,6390.42
6436.965,6391.873333
6437.76,6436.965
6538.79,6437.76
6486.251667,6538.79
6444.97,6486.251667
6399.033333,6444.97
6378.268333,6399.033333
6408.53,6378.268333
6372.063333,6408.53
6176.155,6372.063333
5756.77,6176.155
5596.1925,5756.77
5558.243333,5596.1925
5572.44,5558.243333
5303.9425,5572.44
4671.97,5303.9425
4491.98,4671.97
4548.7975,4491.98
4309.3375,4548.7975
4352.98,4309.3375
3823.511667,4352.98
3920.536667,3823.511667
3793.35,3920.536667
4103.453846,3793.35
4263.783333,4103.453846
4278.77,4263.783333
4116.7775,4278.77
4167.546667,4116.7775
4140.6,4167.546667
3961.493333,4140.6
3858.349167,3961.493333
3744.98,3858.349167
3405.643333,3744.98
3435.34,3405.643333
3453.66,3435.34
3523.96,3453.66
3426.19,3523.96
3407.28,3426.19
3406.7625,3407.28
3278.374167,3406.7625
3242.42,3278.374167
3271.238333,3242.42
3392.405,3271.238333
3556.54,3392.405
3808.0425,3556.54
3982.850833,3808.0425
4135.19,3982.850833
3910.973333,4135.19
4027.478333,3910.973333
3995.17,4027.478333
3813.88,3995.17
3825.379167,3813.88
3848.21,3825.379167
3743.905,3848.21
3912.285833,3743.905
3770.36,3912.285833
3791.545833,3770.36
3752.271667,3791.545833
3855.88,3752.271667
3865.7975,3855.88
3822.626667,3865.7975
3856.62,3822.626667
3920.456667,3856.62
4036.093333,3920.456667
4032.25,4036.093333
4034.138333,4032.25
3812.585833,4034.138333
3646.25,3812.585833
3646.345833,3646.25
3599.841667,3646.345833
3531.96,3599.841667
3656.785,3531.96
3621.270833,3656.785
3621.43,3621.270833
3632.395,3621.43
3690.523333,3632.395
3703.98,3690.523333
3548.4275,3703.98
3540.02,3548.4275
3587.35,3540.02
3566.4,3587.35
3586.25,3566.4
3577.79,3586.25
3576.3,3577.79
3554.5,3576.3
3448.58,3554.5
3421.6,3448.58
3470.0,3421.6
3444.81,3470.0
3475.33,3444.81
3506.22,3475.33
3456.02,3506.22
3452.35,3456.02
3467.34,3452.35
3405.7,3467.34
3394.76,3405.7
3661.08,3394.76
3664.38,3661.08
3686.29,3664.38
3629.47,3686.29
3632.42,3629.47
3614.5,3632.42
3600.31,3614.5
3608.2,3600.31
3619.55,3608.2
3670.74,3619.55
3910.8,3670.74
3926.53,3910.8
3987.18,3926.53
3944.88,3987.18
3983.48,3944.88
4139.6,3983.48
3766.89,4139.6
3848.33,3766.89
3831.45,3848.33
3833.23,3831.45
3850.08,3833.23
3834.62,3850.08
3831.44,3834.62
3814.58,3831.44
3730.98,3814.58
3872.25,3730.98
3876.85,3872.25
3886.82,3876.85
3875.96,3886.82
3950.56,3875.96
3928.17,3950.56
3881.09,3928.17
3892.51,3881.09
3877.77,3892.51
3885.21,3877.77
3936.5,3885.21
4015.95,3936.5
3994.92,4015.95
3998.77,3994.92
4029.11,3998.77
4056.4,4029.11
3992.34,4056.4
3999.06,3992.34
4011.92,3999.06
3994.11,4011.92
3935.89,3994.11
3947.74,3935.89
4048.51,3947.74
4037.37,4048.51
4115.55,4037.37
4114.44,4115.55
4114.16,4114.44
4152.53,4114.16
4882.88,4152.53
4959.81,4882.88
4911.24,4959.81
5028.77,4911.24
5053.52,5028.77
5189.39,5053.52
5268.71,5189.39
5175.81,5268.71
5310.18,5175.81
5035.02,5310.18
5072.85,5035.02
5064.62,5072.85
5152.51,5064.62
5036.18,5152.51
5196.65,5036.18
5220.37,5196.65
5276.31,5220.37
5277.04,5276.31
5309.28,5277.04
5281.83,5309.28
5377.19,5281.83
5518.16,5377.19
5434.19,5518.16
5195.61,5434.19
5292.83,5195.61
5280.19,5292.83
5301.29,5280.19
5260.65,5301.29
5269.79,5260.65
5326.67,5269.79
5390.16,5326.67
5657.14,5390.16
5771.08,5657.14
5717.66,5771.08
5684.47,5717.66
5755.72,5684.47
5936.72,5755.72
6146.91,5936.72
6348.02,6146.91
7248.31,6348.02
6978.63,7248.31
7823.11,6978.63
7992.69,7823.11
8206.9,7992.69
7885.96,8206.9
7362.22,7885.96
7265.05,7362.22
8193.7,7265.05
8007.03,8193.7
7952.5,8007.03
7625.93,7952.5
7880.29,7625.93
8003.26,7880.29
8071.45,8003.26
8744.42,8071.45
8770.06,8744.42
8719.88,8770.06
8662.98,8719.88
8272.46,8662.98
8553.81,8272.46
8554.8,8553.81
8739.03,8554.8
8134.92,8739.03
7675.8,8134.92
7786.04,7675.8
7803.23,7786.04
7998.29,7803.23
7931.34,7998.29
7640.61,7931.34
8020.38,7640.61
7917.58,8020.38
8173.06,7917.58
8237.88,8173.06
8693.6,8237.88
8859.47,8693.6
8978.99,8859.47
9327.48,8978.99
9076.18,9327.48
9281.7,9076.18
9531.35,9281.7
10209.38,9531.35
10668.63,10209.38
10814.48,10668.63
11017.5,10814.48
11766.4,11017.5
12932.55,11766.4
11132.85,12932.55
12374.35,11132.85
11890.38,12374.35
10737.73,11890.38
10578.72,10737.73
10805.4,10578.72
11984.76,10805.4
11160.49,11984.76
10955.16,11160.49
11232.04,10955.16
11477.01,11232.04
12313.08,11477.01
12586.78,12313.08
12099.9,12586.78
11352.87,12099.9
11803.97,11352.87
11389.1,11803.97
10186.96,11389.1
10873.5,10186.96
9397.72,10873.5
9674.28,9397.72
10638.56,9674.28
10535.75,10638.56
10764.9,10535.75
10587.41,10764.9
10323.62,10587.41
9844.3,10323.62
9772.17,9844.3
9875.17,9772.17
9848.65,9875.17
9473.99,9848.65
9530.0,9473.99
9501.33,9530.0
9589.13,9501.33
10084.7,9589.13
10407.17,10084.7
10529.55,10407.17
10814.57,10529.55
10980.23,10814.57
11787.99,10980.23
11465.67,11787.99
11960.82,11465.67
11996.41,11960.82
11856.64,11996.41
11282.22,11856.64
11566.84,11282.22
11386.26,11566.84
10858.12,11386.26
10016.96,10858.12
10302.17,10016.96
10359.44,10302.17
10214.52,10359.44
10317.6,10214.52
10917.26,10317.6
10760.56,10917.26
10129.4,10760.56
10111.98,10129.4
10405.81,10111.98
10143.8,10405.81
10135.06,10143.8
10360.28,10135.06
10171.95,10360.28
9717.82,10171.95
9484.55,9717.82
9577.99,9484.55
9600.9,9577.99
9769.79,9600.9
10386.64,9769.79
10621.29,10386.64
10584.16,10621.29
10577.8,10584.16
10317.47,10577.8
10487.21,10317.47
10406.31,10487.21
10313.66,10406.31
10101.03,10313.66
10159.32,10101.03
10420.16,10159.32
10363.9,10420.16
10361.33,10363.9
10310.43,10361.33
10265.63,10310.43
10190.36,10265.63
10157.59,10190.36
10275.88,10157.59
10173.11,10275.88
9979.49,10173.11
10033.05,9979.49
9683.38,10033.05
8553.61,9683.38
8432.23,8553.61
8055.64,8432.23
8193.9,8055.64
8225.0,8193.9
8056.74,8225.0
8307.74,8056.74
8322.92,8307.74
8382.03,8322.92
8236.17,8382.03
8155.48,8236.17
8147.69,8155.48
7869.74,8147.69
8212.02,7869.74
8190.0,8212.02
8587.92,8190.0
8586.9,8587.92
8269.73,8586.9
8308.01,8269.73
8283.76,8308.01
8353.54,8283.76
8162.16,8353.54
8002.51,8162.16
8076.78,8002.51
7954.15,8076.78
7960.04,7954.15
8231.06,7960.04
8222.52,8231.06
8026.76,8222.52
7469.56,8026.76
7431.88,7469.56
8666.79,7431.88
9259.8,8666.79
9551.54,9259.8
9218.76,9551.54
9433.35,9218.76
9164.62,9433.35
9147.98,9164.62
9252.99,9147.98
9301.18,9252.99
9206.16,9301.18
9418.05,9206.16
9310.19,9418.05
9343.34,9310.19
9204.24,9343.34
8766.04,9204.24
8809.41,8766.04
9037.12,8809.41
8717.81,9037.12
8801.52,8717.81
8762.42,8801.52
8632.32,8762.42
8457.69,8632.32
8482.7,8457.69
8503.93,8482.7
8175.99,8503.93
8120.8,8175.99
8081.81,8120.8
7617.07,8081.81
7286.35,7617.07
7324.03,7286.35
6907.4,7324.03
7130.25,6907.4
7163.63,7130.25
7523.83,7163.63
7431.0,7523.83
7757.47,7431.0
7557.72,7757.47
7402.69,7557.72
7309.59,7402.69
7296.77,7309.59
7192.85,7296.77
7395.97,7192.85
7547.19,7395.97
7504.83,7547.19
7522.39,7504.83
7337.42,7522.39
7220.76,7337.42
7202.31,7220.76
7189.16,7202.31
7251.87,7189.16
7067.74,7251.87
7111.14,7067.74
6879.54,7111.14
6612.12,6879.54
7284.29,6612.12
7150.86,7284.29
7190.17,7150.86
7143.2,7190.17
7514.41,7143.2
7322.08,7514.41
7250.69,7322.08
7192.72,7250.69
7194.4,7192.72
7243.93,7194.4
7301.07,7243.93
7385.36,7301.07
7219.6,7385.36
7168.31,7219.6
7175.68,7168.31
6944.33,7175.68
7326.35,6944.33
7347.89,7326.35
7351.57,7347.89
7759.24,7351.57
8165.47,7759.24
8042.65,8165.47
7817.92,8042.65
8184.66,7817.92
8021.49,8184.66
8173.97,8021.49
8105.24,8173.97
8842.42,8105.24
8813.89,8842.42
8722.03,8813.89
8900.34,8722.03
8910.85,8900.34
8703.36,8910.85
8626.47,8703.36
8722.26,8626.47
8658.94,8722.26
8388.11,8658.94
8428.17,8388.11
8327.36,8428.17
8588.42,8327.36
8895.78,8588.42
9385.69,8895.78
9279.81,9385.69
9502.37,9279.81
9333.77,9502.37
9378.09,9333.77
9314.56,9378.09
9162.14,9314.56
9162.14,9162.14
9614.9,9162.14
9755.66,9614.9
9807.54,9755.66
9907.12,9807.54
10162.41,9907.12
9854.79,10162.41
10275.38,9854.79
10354.3,10275.38
10242.43,10354.3
10368.53,10242.43
9904.17,10368.53
9937.67,9904.17
9703.93,9937.67
10180.65,9703.93
9604.72,10180.65
9606.86,9604.72
9696.58,9606.86
9669.63,9696.58
9989.39,9669.63
9663.75,9989.39
9309.15,9663.75
8785.52,9309.15
8804.72,8785.52
8712.35,8804.72
8534.17,8712.35
8912.82,8534.17
8912.82,8912.82
8754.34,8912.82
8758.9,8754.34
9067.39,8758.9
9155.89,9067.39
8898.63,9155.89
8039.38,8898.63
7931.94,8039.38
7885.46,7931.94
7936.65,7885.46
4830.21,7936.65
5609.03,4830.21
5166.26,5609.03
5348.44,5166.26
5026.35,5348.44
5357.61,5026.35
5410.23,5357.61
6195.2,5410.23
6226.44,6195.2
6189.85,6226.44
5822.62,6189.85
6502.16,5822.62
6768.49,6502.16
6698.46,6768.49
6763.75,6698.46
6369.09,6763.75
6260.95,6369.09
5885.41,6260.95
6405.29,5885.41
6428.28,6405.29
6652.87,6428.28
6809.11,6652.87
6741.67,6809.11
6871.69,6741.67
6777.44,6871.69
7343.2,6777.44
7205.55,7343.2
7365.03,7205.55
7293.69,7365.03
6873.24,7293.69
6891.6,6873.24
6915.37,6891.6
6857.66,6915.37
6871.95,6857.66
6623.8,6871.95
7112.27,6623.8
7034.89,7112.27
7259.36,7034.89
7130.04,7259.36
6840.24,7130.04
6852.52,6840.24
7130.99,6852.52
7477.6,7130.99
7507.08,7477.6
7549.52,7507.08
7699.27,7549.52
7790.66,7699.27
7765.33,7790.66
8777.63,7765.33
8628.77,8777.63
8824.66,8628.77
8973.82,8824.66
8903.95,8973.82
8885.93,8903.95
9030.96,8885.93
9170.79,9030.96
10002.48,9170.79
9821.8,10002.48
9527.39,9821.8
8754.46,9527.39
8617.25,8754.46
8814.53,8617.25
9305.93,8814.53
9790.31,9305.93
9303.59,9790.31
9385.7,9303.59
9669.4,9385.7
9719.37,9669.4
9785.74,9719.37
9510.67,9785.74
9057.57,9510.67
9167.26,9057.57
9178.32,9167.26
8730.73,9178.32
8899.66,8730.73
8842.85,8899.66
9197.54,8842.85
9569.21,9197.54
9425.98,9569.21
9698.1,9425.98
9450.84,9698.1
10204.23,9450.84
9525.57,10204.23
9658.04,9525.57
9794.56,9658.04
9623.75,9794.56
9670.43,9623.75
9753.85,9670.43
9782.59,9753.85
9775.15,9782.59
9892.13,9775.15
9286.42,9892.13
9459.97,9286.42
9473.5,9459.97
9330.07,9473.5
9426.7,9330.07
9526.0,9426.7
9454.81,9526.0
9380.03,9454.81
9300.15,9380.03
9357.43,9300.15
9284.78,9357.43
9691.9,9284.78
9621.49,9691.9
9276.58,9621.49
9240.85,9276.58
9154.45,9240.85
9004.23,9154.45
9127.47,9004.23
9185.35,9127.47
9133.97,9185.35
9236.38,9133.97
9087.98,9236.38
9072.42,9087.98
9131.31,9072.42
9089.09,9131.31
9348.91,9089.09
9256.23,9348.91
9440.07,9256.23
9238.04,9440.07
9287.4,9238.04
9235.96,9287.4
9295.9,9235.96
9238.13,9295.9
9254.52,9238.13
9193.51,9254.52
9131.0,9193.51
9154.19,9131.0
9174.71,9154.19
9214.66,9174.71
9163.87,9214.66
9392.66,9163.87
9537.4,9392.66
9613.11,9537.4
9551.28,9613.11
9707.5,9551.28
9938.83,9707.5
11042.4,9938.83
10934.94,11042.4
11102.67,10934.94
11114.93,11102.67
11343.88,11114.93
11823.69,11343.88
11077.77,11823.69
11242.57,11077.77
11194.25,11242.57
11750.28,11194.25
11772.94,11750.28
11605.6,11772.94
11767.6,11605.6
11684.06,11767.6
11893.03,11684.06
11392.43,11893.03
11573.11,11392.43
11777.43,11573.11
11774.38,11777.43
11873.98,11774.38
11914.01,11873.98
12293.72,11914.01
11969.53,12293.72
11734.0,11969.53
11865.82,11734.0
11522.8,11865.82
11683.44,11522.8
11653.02,11683.44
11763.93,11653.02
11337.4,11763.93
11467.37,11337.4
11302.01,11467.37
11534.75,11302.01
11481.64,11534.75
11707.78,11481.64
11659.57,11707.78
11923.25,11659.57
11397.44,11923.25
10187.51,11397.44
10467.89,10187.51
10159.62,10467.89
10254.93,10159.62
10367.74,10254.93
10121.52,10367.74
10227.83,10121.52
10352.66,10227.83
10395.44,10352.66
10446.44,10395.44
10330.77,10446.44
10674.64,10330.77
10785.62,10674.64
10948.43,10785.62
10943.89,10948.43
10931.79,10943.89
11081.43,10931.79
10919.65,11081.43
10430.46,10919.65
10532.22,10430.46
10234.48,10532.22
10732.43,10234.48
10692.84,10732.43
10732.4,10692.84
10774.24,10732.4
10692.33,10774.24
10840.8,10692.33
10777.92,10840.8
10619.24,10777.92
10575.06,10619.24
10551.77,10575.06
10673.46,10551.77
10788.56,10673.46
10603.74,10788.56
10670.8,10603.74
10923.3,10670.8
11063.19,10923.3
11302.67,11063.19
11376.61,11302.67
11540.04,11376.61
11428.24,11540.04
11431.32,11428.24
11503.73,11431.32
11327.57,11503.73
11366.51,11327.57
11508.2,11366.51
11758.16,11508.2
11925.46,11758.16
12831.56,11925.46
12990.25,12831.56
12944.52,12990.25
13128.46,12944.52
13036.77,13128.46
13076.37,13036.77
13651.47,13076.37
13289.0,13651.47
13458.66,13289.0
13564.72,13458.66
13810.32,13564.72
13758.88,13810.32
13575.17,13758.88
14023.31,13575.17
14155.59,14023.31
15591.39,14155.59
15595.77,15591.39
14839.84,15595.77
15490.6,14839.84
15328.53,15490.6
15317.04,15328.53
15708.65,15317.04
16295.57,15708.65
16339.33,16295.57
16091.07,16339.33
15968.16,16091.07
16725.15,15968.16
17679.72,16725.15
17798.45,17679.72
17820.57,17798.45
18687.45,17820.57
18699.75,18687.45
18422.28,18699.75
18398.91,18422.28
19172.52,18398.91
18739.8,19172.52
17151.44,18739.8
17138.87,17151.44
17732.42,17138.87
18191.6,17732.42
19709.73,18191.6
18792.52,19709.73
19226.97,18792.52
19454.54,19226.97
18670.49,19454.54
19155.06,18670.49
19377.66,19155.06
19181.41,19377.66
18318.87,19181.41
18554.15,18318.87
18247.76,18554.15
18029.36,18247.76
18803.44,18029.36
19164.48,18803.44
19276.59,19164.48
19439.75,19276.59
21379.48,19439.75
22847.46,21379.48
23150.79,22847.46
23869.92,23150.79
23490.58,23869.92
22745.48,23490.58
23824.99,22745.48
23253.37,23824.99
23715.53,23253.37
24693.58,23715.53
26443.21,24693.58
26246.58,26443.21
27036.69,26246.58
27376.37,27036.69
28856.59,27376.37
28982.56,28856.59
29393.75,28982.56
32195.46,29393.75
33000.78,32195.46
32035.03,33000.78
34046.67,32035.03
36860.41,34046.67
39486.04,36860.41
40670.25,39486.04
40240.72,40670.25
38240.09,40240.72
35544.94,38240.09
34011.82,35544.94
37393.13,34011.82
39158.47,37393.13
36828.52,39158.47
36065.2,36828.52
35793.01,36065.2
36632.35,35793.01
36020.13,36632.35
35538.98,36020.13
30797.88,35538.98
33002.38,30797.88
32099.74,33002.38
32276.84,32099.74
32243.26,32276.84
32541.8,32243.26
30419.17,32541.8
33403.17,30419.17
34314.26,33403.17
34318.1,34314.26
33136.46,34318.1
33522.9,33136.46
35529.66,33522.9
37676.25,35529.66
37002.09,37676.25
38278.61,37002.09
39323.26,38278.61
38928.1,39323.26
46364.3,38928.1
46589.58,46364.3
44878.17,46589.58
48013.38,44878.17
47471.4,48013.38
47185.19,47471.4
48720.37,47185.19
47951.85,48720.37
49160.1,47951.85
52118.23,49160.1
51608.15,52118.23
55916.5,51608.15
56001.2,55916.5
57487.86,56001.2
54123.4,57487.86
48880.43,54123.4
50624.84,48880.43
46800.42,50624.84
46340.31,46800.42
46155.87,46340.31
45113.92,46155.87
49618.43,45113.92
48356.04,49618.43
50477.7,48356.04
48448.91,50477.7
48861.38,48448.91
48881.59,48861.38
51169.7,48881.59
52299.33,51169.7
54881.52,52299.33
55997.23,54881.52
57764.0,55997.23
57253.28,57764.0
61258.73,57253.28
59133.47,61258.73
55754.72,59133.47
56872.38,55754.72
58913.0,56872.38
57665.9,58913.0
58075.1,57665.9
58085.8,58075.1
57411.17,58085.8
54204.96,57411.17
54477.46,54204.96
52508.23,54477.46
51415.92,52508.23
55074.47,51415.92
55863.93,55074.47
55783.71,55863.93
57627.67,55783.71
58730.13,57627.67
58735.25,58730.13
58736.92,58735.25
59031.32,58736.92
57076.49,59031.32
58206.55,57076.49
59054.1,58206.55
58020.46,59054.1
55947.27,58020.46
58048.59,55947.27
58102.58,58048.59
59774.0,58102.58
59964.87,59774.0
59834.74,59964.87
63554.44,59834.74
62969.12,63554.44
63252.63,62969.12
61455.98,63252.63
60087.09,61455.98
56251.48,60087.09
55703.14,56251.48
56507.91,55703.14
53808.8,56507.91
51731.71,53808.8
51153.13,51731.71
50110.53,51153.13
49075.58,50110.53
54056.64,49075.58
55071.46,54056.64
54884.1,55071.46
53584.15,54884.1
57796.62,53584.15
57857.5,57796.62
56610.46,57857.5
57213.33,56610.46
53241.72,57213.33
57473.23,53241.72
56428.16,57473.23
57380.27,56428.16
58928.81,57380.27
58280.73,58928.81
55883.5,58280.73
56750.0,55883.5
49007.09,56750.0
49702.27,49007.09
49922.52,49702.27
46736.58,49922.52
46441.64,46736.58
43596.24,46441.64
42912.19,43596.24
36964.27,42912.19
40784.32,36964.27
37280.35,40784.32
37528.3,37280.35
34754.54,37528.3
38728.59,34754.54
38410.5,38728.59
39266.04,38410.5
38445.29,39266.04
35689.62,38445.29
34647.67,35689.62
35684.59,34647.67
37310.54,35684.59
36662.64,37310.54
37585.24,36662.64
39188.59,37585.24
36885.51,39188.59
35530.38,36885.51
35816.17,35530.38
33514.87,35816.17
33450.19,33514.87
37338.36,33450.19
36704.57,37338.36
37313.18,36704.57
35494.9,37313.18
39066.82,35494.9
40525.8,39066.82
40188.56,40525.8
38324.87,40188.56
38068.04,38324.87
35729.82,38068.04
35524.17,35729.82
35592.35,35524.17
31686.55,35592.35
32447.59,31686.55
33674.66,32447.59
34639.38,33674.66
31640.58,34639.38
32160.91,31640.58
34644.45,32160.91
34456.67,34644.45
35847.7,34456.67
35047.36,35847.7
33536.88,35047.36
33856.86,33536.88
34688.98,33856.86
35309.3,34688.98
33747.97,35309.3
34211.01,33747.97
33839.04,34211.01
32877.41,33839.04
33818.52,32877.41
33515.57,33818.52
34227.64,33515.57
33158.25,34227.64
32686.56,33158.25
32814.61,32686.56
31738.59,32814.61
31421.25,31738.59
31520.66,31421.25
31783.49,31520.66
30815.94,31783.49
29790.24,30815.94
32118.06,29790.24
32297.89,32118.06
33581.63,32297.89
34279.34,33581.63
35365.2,34279.34
37318.14,35365.2
39405.95,37318.14
40002.53,39405.95
40005.93,40002.53
42214.15,40005.93
41659.06,42214.15
40000.46,41659.06
39193.94,40000.46
38138.0,39193.94
39750.14,38138.0
40882.0,39750.14
42825.95,40882.0
44634.13,42825.95
43816.14,44634.13
46333.46,43816.14
45608.37,46333.46
45611.46,45608.37
44417.78,45611.46
47833.98,44417.78
47112.19,47833.98
47056.41,47112.19
45982.55,47056.41
44648.57,45982.55
44777.86,44648.57
46734.65,44777.86
49327.75,46734.65
48932.02,49327.75
49335.68,48932.02
49523.5,49335.68
47744.58,49523.5
48972.09,47744.58
46962.8,48972.09
49056.86,46962.8
48897.65,49056.86
48806.78,48897.65
47074.77,48806.78
47155.87,47074.77
48862.76,47155.87
49329.01,48862.76
50035.33,49329.01
49947.38,50035.33
51769.06,49947.38
52677.4,51769.06
46809.17,52677.4
46078.38,46809.17
