Date,BCHAIN-MKPRU,GOLD,GOLD_fillna
2016/09/11 00:00:00,621.65,,1324.6
2016/09/12 00:00:00,609.67,1324.6,1324.6
2016/09/13 00:00:00,610.92,1323.65,1323.65
2016/09/14 00:00:00,608.82,1321.75,1321.75
2016/09/15 00:00:00,610.38,1310.8,1310.8
2016/09/16 00:00:00,609.11,1308.35,1308.35
2016/09/17 00:00:00,607.04,,1314.85
2016/09/18 00:00:00,611.58,,1314.85
2016/09/19 00:00:00,610.19,1314.85,1314.85
2016/09/20 00:00:00,608.66,1313.8,1313.8
2016/09/21 00:00:00,598.88,1326.1,1326.1
2016/09/22 00:00:00,597.42,1339.1,1339.1
2016/09/23 00:00:00,594.08,1338.65,1338.65
2016/09/24 00:00:00,603.88,,1340.5
2016/09/25 00:00:00,601.74,,1340.5
2016/09/26 00:00:00,598.98,1340.5,1340.5
2016/09/27 00:00:00,605.96,1327.0,1327.0
2016/09/28 00:00:00,605.67,1322.5,1322.5
2016/09/29 00:00:00,603.85,1318.1,1318.1
2016/09/30 00:00:00,609.39,1322.5,1322.5
2016/10/01 00:00:00,614.82,,1313.3
2016/10/02 00:00:00,612.98,,1313.3
2016/10/03 00:00:00,611.85,1313.3,1313.3
2016/10/04 00:00:00,609.62,1283.3,1283.3
2016/10/05 00:00:00,607.18,1269.4,1269.4
2016/10/06 00:00:00,612.08,1254.5,1254.5
2016/10/07 00:00:00,617.21,1258.75,1258.75
2016/10/08 00:00:00,614.74,,1259.5
2016/10/09 00:00:00,615.65,,1259.5
2016/10/10 00:00:00,617.54,1259.5,1259.5
2016/10/11 00:00:00,614.77,1253.45,1253.45
2016/10/12 00:00:00,635.01,1256.5,1256.5
2016/10/13 00:00:00,635.96,1261.05,1261.05
2016/10/14 00:00:00,634.02,1251.75,1251.75
2016/10/15 00:00:00,637.94,,1254.8
2016/10/16 00:00:00,641.42,,1254.8
2016/10/17 00:00:00,638.97,1254.8,1254.8
2016/10/18 00:00:00,636.29,1258.2,1258.2
2016/10/19 00:00:00,629.25,1269.05,1269.05
2016/10/20 00:00:00,627.72,1271.65,1271.65
2016/10/21 00:00:00,631.92,1266.05,1266.05
2016/10/22 00:00:00,655.48,,1265.55
2016/10/23 00:00:00,653.25,,1265.55
2016/10/24 00:00:00,651.39,1265.55,1265.55
2016/10/25 00:00:00,655.31,1269.4,1269.4
2016/10/26 00:00:00,651.45,1270.5,1270.5
2016/10/27 00:00:00,682.22,1266.25,1266.25
2016/10/28 00:00:00,687.68,1273.0,1273.0
2016/10/29 00:00:00,685.91,,1272.0
2016/10/30 00:00:00,698.0,,1272.0
2016/10/31 00:00:00,702.0,1272.0,1272.0
2016/11/01 00:00:00,697.01,1288.45,1288.45
2016/11/02 00:00:00,733.33,1303.75,1303.75
2016/11/03 00:00:00,686.17,1301.0,1301.0
2016/11/04 00:00:00,683.69,1302.8,1302.8
2016/11/05 00:00:00,704.79,,1283.05
2016/11/06 00:00:00,712.0,,1283.05
2016/11/07 00:00:00,709.96,1283.05,1283.05
2016/11/08 00:00:00,708.97,1282.35,1282.35
2016/11/09 00:00:00,720.93,1281.4,1281.4
2016/11/10 00:00:00,721.5,1267.5,1267.5
2016/11/11 00:00:00,715.45,1236.45,1236.45
2016/11/12 00:00:00,703.71,,1213.6
2016/11/13 00:00:00,702.28,,1213.6
2016/11/14 00:00:00,706.46,1213.6,1213.6
2016/11/15 00:00:00,710.91,1226.95,1226.95
2016/11/16 00:00:00,711.73,1229.2,1229.2
2016/11/17 00:00:00,736.96,1226.75,1226.75
2016/11/18 00:00:00,747.52,1211.0,1211.0
2016/11/19 00:00:00,748.98,,1214.25
2016/11/20 00:00:00,729.06,,1214.25
2016/11/21 00:00:00,738.53,1214.25,1214.25
2016/11/22 00:00:00,736.97,1212.25,1212.25
2016/11/23 00:00:00,741.63,1185.35,1185.35
2016/11/24 00:00:00,737.45,1186.1,1186.1
2016/11/25 00:00:00,735.64,1187.7,1187.7
2016/11/26 00:00:00,733.67,,1187.0
2016/11/27 00:00:00,727.96,,1187.0
2016/11/28 00:00:00,727.31,1187.0,1187.0
2016/11/29 00:00:00,732.71,1186.55,1186.55
2016/11/30 00:00:00,742.69,1178.1,1178.1
2016/12/01 00:00:00,742.05,1161.85,1161.85
2016/12/02 00:00:00,772.43,1173.5,1173.5
2016/12/03 00:00:00,764.33,,1162.2
2016/12/04 00:00:00,762.97,,1162.2
2016/12/05 00:00:00,754.63,1162.2,1162.2
2016/12/06 00:00:00,756.62,1172.5,1172.5
2016/12/07 00:00:00,758.99,1177.65,1177.65
2016/12/08 00:00:00,769.72,1171.05,1171.05
2016/12/09 00:00:00,770.02,1163.6,1163.6
2016/12/10 00:00:00,769.08,,1156.1
2016/12/11 00:00:00,777.0,,1156.1
2016/12/12 00:00:00,777.0,1156.1,1156.1
2016/12/13 00:00:00,777.99,1158.55,1158.55
2016/12/14 00:00:00,774.89,1162.25,1162.25
2016/12/15 00:00:00,776.75,1126.95,1126.95
2016/12/16 00:00:00,775.88,1131.6,1131.6
2016/12/17 00:00:00,788.7,,1136.25
2016/12/18 00:00:00,788.4,,1136.25
2016/12/19 00:00:00,788.67,1136.25,1136.25
2016/12/20 00:00:00,793.09,1125.7,1125.7
2016/12/21 00:00:00,824.21,1133.65,1133.65
2016/12/22 00:00:00,834.97,1131.35,1131.35
2016/12/23 00:00:00,901.31,,1134.6
2016/12/24 00:00:00,891.61,,1134.6
2016/12/25 00:00:00,892.6,,1134.6
2016/12/26 00:00:00,897.33,,1134.6
2016/12/27 00:00:00,930.37,,1134.6
2016/12/28 00:00:00,930.34,1134.6,1134.6
2016/12/29 00:00:00,963.38,1145.9,1145.9
2016/12/30 00:00:00,952.15,,1151.0
2016/12/31 00:00:00,958.12,,1151.0
2017/01/01 00:00:00,997.72,,1151.0
2017/01/02 00:00:00,1015.97,,1151.0
2017/01/03 00:00:00,1013.42,1151.0,1151.0
2017/01/04 00:00:00,1126.76,1164.25,1164.25
2017/01/05 00:00:00,994.67,1176.7,1176.7
2017/01/06 00:00:00,999.65,1175.85,1175.85
2017/01/07 00:00:00,896.83,,1178.5
2017/01/08 00:00:00,908.14,,1178.5
2017/01/09 00:00:00,910.49,1178.5,1178.5
2017/01/10 00:00:00,906.05,1189.5,1189.5
2017/01/11 00:00:00,785.22,1178.55,1178.55
2017/01/12 00:00:00,780.92,1205.05,1205.05
2017/01/13 00:00:00,826.29,1190.35,1190.35
2017/01/14 00:00:00,817.91,,1203.0
2017/01/15 00:00:00,819.55,,1203.0
2017/01/16 00:00:00,830.5,1203.0,1203.0
2017/01/17 00:00:00,903.84,1216.05,1216.05
2017/01/18 00:00:00,906.6,1214.75,1214.75
2017/01/19 00:00:00,895.798875,1196.05,1196.05
2017/01/20 00:00:00,893.6210875,1200.55,1200.55
2017/01/21 00:00:00,895.64,,1212.85
2017/01/22 00:00:00,918.603625,,1212.85
2017/01/23 00:00:00,922.0736125,1212.85,1212.85
2017/01/24 00:00:00,919.97,1216.8,1216.8
2017/01/25 00:00:00,893.045625,1195.0,1195.0
2017/01/26 00:00:00,915.95625,1189.7,1189.7
2017/01/27 00:00:00,915.05,1184.85,1184.85
2017/01/28 00:00:00,920.31225,,1192.8
2017/01/29 00:00:00,915.933,,1192.8
2017/01/30 00:00:00,912.19,1192.8,1192.8
2017/01/31 00:00:00,964.706075,1212.8,1212.8
2017/02/01 00:00:00,979.703875,1203.65,1203.65
2017/02/02 00:00:00,983.42,1221.95,1221.95
2017/02/03 00:00:00,1013.027,1215.2,1215.2
2017/02/04 00:00:00,1030.999413,,1226.75
2017/02/05 00:00:00,1034.07,,1226.75
2017/02/06 00:00:00,1024.01375,1226.75,1226.75
2017/02/07 00:00:00,1050.11,1231.0,1231.0
2017/02/08 00:00:00,1052.84,1242.1,1242.1
2017/02/09 00:00:00,976.103,1236.8,1236.8
2017/02/10 00:00:00,999.1035,1228.3,1228.3
2017/02/11 00:00:00,997.59,,1222.25
2017/02/12 00:00:00,1000.604625,,1222.25
2017/02/13 00:00:00,999.877375,1222.25,1222.25
2017/02/14 00:00:00,1001.2,1230.75,1230.75
2017/02/15 00:00:00,1012.325988,1224.4,1224.4
2017/02/16 00:00:00,1035.208125,1240.55,1240.55
2017/02/17 00:00:00,1035.2,1241.95,1241.95
2017/02/18 00:00:00,1056.637138,,1237.3
2017/02/19 00:00:00,1052.779286,,1237.3
2017/02/20 00:00:00,1050.87,1237.3,1237.3
2017/02/21 00:00:00,1123.788429,1233.2,1233.2
2017/02/22 00:00:00,1123.223188,1236.65,1236.65
2017/02/23 00:00:00,1130.01,1247.9,1247.9
2017/02/24 00:00:00,1174.86625,1253.65,1253.65
2017/02/25 00:00:00,1150.605714,,1257.2
2017/02/26 00:00:00,1150.37,,1257.2
2017/02/27 00:00:00,1190.75195,1257.2,1257.2
2017/02/28 00:00:00,1187.565286,1255.6,1255.6
2017/03/01 00:00:00,1190.89,1240.4,1240.4
2017/03/02 00:00:00,1259.410817,1238.1,1238.1
2017/03/03 00:00:00,1285.14,1226.5,1226.5
2017/03/04 00:00:00,1287.0,,1230.95
2017/03/05 00:00:00,1270.9333,,1230.95
2017/03/06 00:00:00,1275.197375,1230.95,1230.95
2017/03/07 00:00:00,1279.5,1216.65,1216.65
2017/03/08 00:00:00,1157.3933,1209.2,1209.2
2017/03/09 00:00:00,1192.469143,1206.55,1206.55
2017/03/10 00:00:00,1192.09,1202.65,1202.65
2017/03/11 00:00:00,1179.159875,,1204.2
2017/03/12 00:00:00,1227.494625,,1204.2
2017/03/13 00:00:00,1227.68,1204.2,1204.2
2017/03/14 00:00:00,1245.370786,1204.6,1204.6
2017/03/15 00:00:00,1257.399625,1198.8,1198.8
2017/03/16 00:00:00,1257.0,1229.35,1229.35
2017/03/17 00:00:00,1091.171888,1229.6,1229.6
2017/03/18 00:00:00,952.2323625,,1232.4
2017/03/19 00:00:00,967.69,,1232.4
2017/03/20 00:00:00,1049.084488,1232.4,1232.4
2017/03/21 00:00:00,1118.630043,1241.6,1241.6
2017/03/22 00:00:00,1113.0,1249.05,1249.05
2017/03/23 00:00:00,1038.789,1247.5,1247.5
2017/03/24 00:00:00,941.9197143,1247.5,1247.5
2017/03/25 00:00:00,927.93,,1257.55
2017/03/26 00:00:00,956.7863125,,1257.55
2017/03/27 00:00:00,1037.22925,1257.55,1257.55
2017/03/28 00:00:00,1041.04,1257.25,1257.25
2017/03/29 00:00:00,1040.5755,1251.1,1251.1
2017/03/30 00:00:00,1037.90455,1248.8,1248.8
2017/03/31 00:00:00,1034.74,1244.85,1244.85
2017/04/01 00:00:00,1086.929571,,1247.25
2017/04/02 00:00:00,1099.169125,,1247.25
2017/04/03 00:00:00,1079.99,1247.25,1247.25
2017/04/04 00:00:00,1141.600363,1257.65,1257.65
2017/04/05 00:00:00,1133.079314,1245.8,1245.8
2017/04/06 00:00:00,1133.53,1252.5,1252.5
2017/04/07 00:00:00,1190.45425,1266.45,1266.45
2017/04/08 00:00:00,1181.149838,,1250.05
2017/04/09 00:00:00,1184.03,,1250.05
2017/04/10 00:00:00,1207.744875,1250.05,1250.05
2017/04/11 00:00:00,1226.617038,1252.9,1252.9
2017/04/12 00:00:00,1219.09,1274.3,1274.3
2017/04/13 00:00:00,1180.023713,1284.15,1284.15
2017/04/14 00:00:00,1185.260057,,1278.95
2017/04/15 00:00:00,1170.36,,1278.95
2017/04/16 00:00:00,1186.927413,,1278.95
2017/04/17 00:00:00,1205.634875,,1278.95
2017/04/18 00:00:00,1176.97,1278.95,1278.95
2017/04/19 00:00:00,1217.930088,1279.05,1279.05
2017/04/20 00:00:00,1241.686325,1282.1,1282.1
2017/04/21 00:00:00,1236.63,1281.85,1281.85
2017/04/22 00:00:00,1261.311225,,1269.4
2017/04/23 00:00:00,1257.988113,,1269.4
2017/04/24 00:00:00,1240.84,1269.4,1269.4
2017/04/25 00:00:00,1279.414688,1267.8,1267.8
2017/04/26 00:00:00,1309.109875,1261.85,1261.85
2017/04/27 00:00:00,1288.02,1262.8,1262.8
2017/04/28 00:00:00,1331.294429,1266.45,1266.45
2017/04/29 00:00:00,1334.979038,,1255.45
2017/04/30 00:00:00,1333.0,,1255.45
2017/05/01 00:00:00,1417.172813,,1255.45
2017/05/02 00:00:00,1452.076288,1255.45,1255.45
2017/05/03 00:00:00,1447.55,1250.3,1250.3
2017/05/04 00:00:00,1508.292125,1228.45,1228.45
2017/05/05 00:00:00,1533.335071,1228.05,1228.05
2017/05/06 00:00:00,1518.75,,1229.8
2017/05/07 00:00:00,1535.868429,,1229.8
2017/05/08 00:00:00,1640.619225,1229.8,1229.8
2017/05/09 00:00:00,1651.1,1220.4,1220.4
2017/05/10 00:00:00,1762.88625,1222.95,1222.95
2017/05/11 00:00:00,1820.990563,1223.15,1223.15
2017/05/12 00:00:00,1829.0,1231.25,1231.25
2017/05/13 00:00:00,1771.920013,,1233.3
2017/05/14 00:00:00,1776.3165,,1233.3
2017/05/15 00:00:00,1780.0,1233.3,1233.3
2017/05/16 00:00:00,1739.031975,1234.2,1234.2
2017/05/17 00:00:00,1807.485063,1257.4,1257.4
2017/05/18 00:00:00,1783.98,1255.9,1255.9
2017/05/19 00:00:00,1961.520488,1252.0,1252.0
2017/05/20 00:00:00,2052.909788,,1258.85
2017/05/21 00:00:00,2008.84,,1258.85
2017/05/22 00:00:00,2090.662313,1258.85,1258.85
2017/05/23 00:00:00,2287.710288,1260.2,1260.2
2017/05/24 00:00:00,2256.32,1252.55,1252.55
2017/05/25 00:00:00,2387.206286,1256.95,1256.95
2017/05/26 00:00:00,2211.976857,1265.05,1265.05
2017/05/27 00:00:00,2279.82,,1262.7
2017/05/28 00:00:00,2192.9808,,1262.7
2017/05/29 00:00:00,2275.9307,,1262.7
2017/05/30 00:00:00,2290.02,1262.7,1262.7
2017/05/31 00:00:00,2285.933914,1266.2,1266.2
2017/06/01 00:00:00,2399.242671,1264.85,1264.85
2017/06/02 00:00:00,2409.93,1274.95,1274.95
2017/06/03 00:00:00,2525.765158,,1279.95
2017/06/04 00:00:00,2516.173143,,1279.95
2017/06/05 00:00:00,2529.53,1279.95,1279.95
2017/06/06 00:00:00,2883.313697,1293.5,1293.5
2017/06/07 00:00:00,2664.920863,1291.0,1291.0
2017/06/08 00:00:00,2683.03,1273.1,1273.1
2017/06/09 00:00:00,2827.4913,1266.55,1266.55
2017/06/10 00:00:00,2845.372857,,1266.4
2017/06/11 00:00:00,2898.63,,1266.4
2017/06/12 00:00:00,2657.675063,1266.4,1266.4
2017/06/13 00:00:00,2748.185086,1262.0,1262.0
2017/06/14 00:00:00,2706.0,1275.5,1275.5
2017/06/15 00:00:00,2442.48025,1254.55,1254.55
2017/06/16 00:00:00,2464.959814,1255.4,1255.4
2017/06/17 00:00:00,2477.94,,1248.15
2017/06/18 00:00:00,2507.389252,,1248.15
2017/06/19 00:00:00,2617.210263,1248.15,1248.15
2017/06/20 00:00:00,2600.0,1242.2,1242.2
2017/06/21 00:00:00,2671.04325,1242.5,1242.5
2017/06/22 00:00:00,2727.288013,1250.8,1250.8
2017/06/23 00:00:00,2713.48,1255.7,1255.7
2017/06/24 00:00:00,2589.164888,,1245.25
2017/06/25 00:00:00,2512.366286,,1245.25
2017/06/26 00:00:00,2502.03,1245.25,1245.25
2017/06/27 00:00:00,2517.903114,1249.55,1249.55
2017/06/28 00:00:00,2585.349186,1248.0,1248.0
2017/06/29 00:00:00,2558.3,1243.5,1243.5
2017/06/30 00:00:00,2477.641375,1242.25,1242.25
2017/07/01 00:00:00,2501.191343,,1229.25
2017/07/02 00:00:00,2421.26,,1229.25
2017/07/03 00:00:00,2561.225429,1229.25,1229.25
2017/07/04 00:00:00,2599.729838,1223.75,1223.75
2017/07/05 00:00:00,2598.89,1220.3,1220.3
2017/07/06 00:00:00,2609.96775,1224.9,1224.9
2017/07/07 00:00:00,2491.201214,1215.65,1215.65
2017/07/08 00:00:00,2502.86,,1211.9
2017/07/09 00:00:00,2536.238938,,1211.9
2017/07/10 00:00:00,2366.170143,1211.9,1211.9
2017/07/11 00:00:00,2327.09,1211.05,1211.05
2017/07/12 00:00:00,2385.748571,1218.8,1218.8
2017/07/13 00:00:00,2354.783417,1218.9,1218.9
2017/07/14 00:00:00,2338.49,1230.3,1230.3
2017/07/15 00:00:00,2058.9956,,1234.1
2017/07/16 00:00:00,1931.2143,,1234.1
2017/07/17 00:00:00,1910.96,1234.1,1234.1
2017/07/18 00:00:00,2320.12225,1240.75,1240.75
2017/07/19 00:00:00,2264.7657,1242.15,1242.15
2017/07/20 00:00:00,2265.21,1238.7,1238.7
2017/07/21 00:00:00,2682.195363,1248.55,1248.55
2017/07/22 00:00:00,2807.609857,,1255.55
2017/07/23 00:00:00,2825.51,,1255.55
2017/07/24 00:00:00,2751.821029,1255.55,1255.55
2017/07/25 00:00:00,2560.997917,1254.4,1254.4
2017/07/26 00:00:00,2564.3,1248.1,1248.1
2017/07/27 00:00:00,2647.625,1261.1,1261.1
2017/07/28 00:00:00,2781.636583,1264.9,1264.9
2017/07/29 00:00:00,2784.8,,1267.55
2017/07/30 00:00:00,2745.955417,,1267.55
2017/07/31 00:00:00,2866.431667,1267.55,1267.55
2017/08/01 00:00:00,2862.9,1270.95,1270.95
2017/08/02 00:00:00,2693.633983,1269.6,1269.6
2017/08/03 00:00:00,2794.117717,1268.1,1268.1
2017/08/04 00:00:00,2790.0,1257.7,1257.7
2017/08/05 00:00:00,3218.115017,,1258.0
2017/08/06 00:00:00,3252.562533,,1258.0
2017/08/07 00:00:00,3210.2,1258.0,1258.0
2017/08/08 00:00:00,3457.374333,1261.8,1261.8
2017/08/09 00:00:00,3357.326317,1271.05,1271.05
2017/08/10 00:00:00,3340.28,1284.4,1284.4
2017/08/11 00:00:00,3632.506667,1286.1,1286.1
2017/08/12 00:00:00,3852.802914,,1282.3
2017/08/13 00:00:00,3868.52,,1282.3
2017/08/14 00:00:00,4282.992,1282.3,1282.3
2017/08/15 00:00:00,4217.028329,1270.3,1270.3
2017/08/16 00:00:00,4179.97,1272.75,1272.75
2017/08/17 00:00:00,4328.725717,1285.15,1285.15
2017/08/18 00:00:00,4130.440067,1295.8,1295.8
2017/08/19 00:00:00,4104.71,,1292.9
2017/08/20 00:00:00,4157.958033,,1292.9
2017/08/21 00:00:00,4043.722,1292.9,1292.9
2017/08/22 00:00:00,3986.28,1284.2,1284.2
2017/08/23 00:00:00,4174.95,1286.65,1286.65
2017/08/24 00:00:00,4340.316717,1289.0,1289.0
2017/08/25 00:00:00,4331.77,1285.3,1285.3
2017/08/26 00:00:00,4360.513317,,1318.65
2017/08/27 00:00:00,4354.308333,,1318.65
2017/08/28 00:00:00,4339.05,,1318.65
2017/08/29 00:00:00,4607.98545,1318.65,1318.65
2017/08/30 00:00:00,4594.98785,1308.5,1308.5
2017/08/31 00:00:00,4582.52,1311.75,1311.75
2017/09/01 00:00:00,4911.740017,1320.4,1320.4
2017/09/02 00:00:00,4580.38748,,1333.1
2017/09/03 00:00:00,4585.57,,1333.1
2017/09/04 00:00:00,4344.098317,1333.1,1333.1
2017/09/05 00:00:00,4488.72014,1335.55,1335.55
2017/09/06 00:00:00,4385.02,1337.85,1337.85
2017/09/07 00:00:00,4654.6585,1343.5,1343.5
2017/09/08 00:00:00,4310.750183,1346.25,1346.25
2017/09/09 00:00:00,4312.26,,1334.2
2017/09/10 00:00:00,4329.955,,1334.2
2017/09/11 00:00:00,4248.090017,1334.2,1334.2
2017/09/12 00:00:00,4198.59,1326.5,1326.5
2017/09/13 00:00:00,3961.271267,1327.55,1327.55
2017/09/14 00:00:00,3319.63,1324.55,1324.55
2017/09/15 00:00:00,3216.43,1322.85,1322.85
2017/09/16 00:00:00,3763.62604,,1312.1
2017/09/17 00:00:00,3746.060783,,1312.1
2017/09/18 00:00:00,3678.53,1312.1,1312.1
2017/09/19 00:00:00,3943.413333,1309.6,1309.6
2017/09/20 00:00:00,3977.561667,1311.3,1311.3
2017/09/21 00:00:00,3894.48,1292.1,1292.1
2017/09/22 00:00:00,3637.50255,1294.8,1294.8
2017/09/23 00:00:00,3776.3869,,1293.3
2017/09/24 00:00:00,3777.62,,1293.3
2017/09/25 00:00:00,3942.555,1293.3,1293.3
2017/09/26 00:00:00,3910.307383,1300.05,1300.05
2017/09/27 00:00:00,3881.0,1282.55,1282.55
2017/09/28 00:00:00,4201.98905,1283.35,1283.35
2017/09/29 00:00:00,4193.574667,1283.1,1283.1
2017/09/30 00:00:00,4164.27,,1273.7
2017/10/01 00:00:00,4360.722967,,1273.7
2017/10/02 00:00:00,4386.88375,1273.7,1273.7
2017/10/03 00:00:00,4394.07,1271.25,1271.25
2017/10/04 00:00:00,4225.175,1274.25,1274.25
2017/10/05 00:00:00,4338.852,1274.5,1274.5
2017/10/06 00:00:00,4318.58,1261.8,1261.8
2017/10/07 00:00:00,4376.191667,,1278.75
2017/10/08 00:00:00,4602.280883,,1278.75
2017/10/09 00:00:00,4605.66,1278.75,1278.75
2017/10/10 00:00:00,4782.28,1291.4,1291.4
2017/10/11 00:00:00,4819.485767,1289.25,1289.25
2017/10/12 00:00:00,4822.17,1290.25,1290.25
2017/10/13 00:00:00,5563.806567,1299.6,1299.6
2017/10/14 00:00:00,5739.438733,,1303.3
2017/10/15 00:00:00,5825.99,,1303.3
2017/10/16 00:00:00,5711.205867,1303.3,1303.3
2017/10/17 00:00:00,5603.71294,1284.75,1284.75
2017/10/18 00:00:00,5594.66,1280.2,1280.2
2017/10/19 00:00:00,5727.6335,1286.4,1286.4
2017/10/20 00:00:00,5979.45984,1281.2,1281.2
2017/10/21 00:00:00,5986.44,,1274.9
2017/10/22 00:00:00,5983.18455,,1274.9
2017/10/23 00:00:00,5876.079867,1274.9,1274.9
2017/10/24 00:00:00,5900.59,1276.45,1276.45
2017/10/25 00:00:00,5669.622533,1275.0,1275.0
2017/10/26 00:00:00,5893.138417,1273.75,1273.75
2017/10/27 00:00:00,5889.82,1266.45,1266.45
2017/10/28 00:00:00,5776.69695,,1272.0
2017/10/29 00:00:00,6155.43402,,1272.0
2017/10/30 00:00:00,6136.49,1272.0,1272.0
2017/10/31 00:00:00,6388.645167,1270.15,1270.15
2017/11/01 00:00:00,6665.306683,1277.05,1277.05
2017/11/02 00:00:00,6751.98,1279.2,1279.2
2017/11/03 00:00:00,7197.72006,1267.2,1267.2
2017/11/04 00:00:00,7437.543317,,1270.9
2017/11/05 00:00:00,7365.99,,1270.9
2017/11/06 00:00:00,6989.071667,1270.9,1270.9
2017/11/07 00:00:00,7092.127233,1275.6,1275.6
2017/11/08 00:00:00,7128.64,1284.0,1284.0
2017/11/09 00:00:00,7158.03706,1284.8,1284.8
2017/11/10 00:00:00,6719.39785,1284.3,1284.3
2017/11/11 00:00:00,6569.22,,1277.95
2017/11/12 00:00:00,5716.301583,,1277.95
2017/11/13 00:00:00,6550.227533,1277.95,1277.95
2017/11/14 00:00:00,6493.63,1274.6,1274.6
2017/11/15 00:00:00,7301.42992,1282.2,1282.2
2017/11/16 00:00:00,7815.0307,1280.0,1280.0
2017/11/17 00:00:00,7868.77,1284.35,1284.35
2017/11/18 00:00:00,7817.140383,,1286.2
2017/11/19 00:00:00,8007.654067,,1286.2
2017/11/20 00:00:00,8049.72,1286.2,1286.2
2017/11/21 00:00:00,8059.8,1283.3,1283.3
2017/11/22 00:00:00,8268.035,1286.95,1286.95
2017/11/23 00:00:00,8236.72,1290.35,1290.35
2017/11/24 00:00:00,8250.978333,1290.5,1290.5
2017/11/25 00:00:00,8707.407267,,1294.9
2017/11/26 00:00:00,8768.8,,1294.9
2017/11/27 00:00:00,9718.29505,1294.9,1294.9
2017/11/28 00:00:00,9952.50882,1291.85,1291.85
2017/11/29 00:00:00,9919.0,1283.85,1283.85
2017/11/30 00:00:00,10147.372,1280.2,1280.2
2017/12/01 00:00:00,10883.912,1275.5,1275.5
2017/12/02 00:00:00,10879.88,,1273.45
2017/12/03 00:00:00,11332.622,,1273.45
2017/12/04 00:00:00,11584.83,1273.45,1273.45
2017/12/05 00:00:00,11591.22,1266.3,1266.3
2017/12/06 00:00:00,13540.98,1263.7,1263.7
2017/12/07 00:00:00,16501.97167,1255.0,1255.0
2017/12/08 00:00:00,16860.88,1250.65,1250.65
2017/12/09 00:00:00,15142.83415,,1247.15
2017/12/10 00:00:00,14869.805,,1247.15
2017/12/11 00:00:00,15068.95,1247.15,1247.15
2017/12/12 00:00:00,17276.39333,1240.9,1240.9
2017/12/13 00:00:00,16808.36667,1242.65,1242.65
2017/12/14 00:00:00,16252.31,1251.0,1251.0
2017/12/15 00:00:00,17771.9,1254.6,1254.6
2017/12/16 00:00:00,19498.68333,,1260.6
2017/12/17 00:00:00,19279.9,,1260.6
2017/12/18 00:00:00,18961.85667,1260.6,1260.6
2017/12/19 00:00:00,17737.11167,1260.35,1260.35
2017/12/20 00:00:00,17382.94,1264.55,1264.55
2017/12/21 00:00:00,16047.51,1264.55,1264.55
2017/12/22 00:00:00,15190.945,,1279.4
2017/12/23 00:00:00,13776.61,,1279.4
2017/12/24 00:00:00,13949.175,,1279.4
2017/12/25 00:00:00,14119.02833,,1279.4
2017/12/26 00:00:00,13740.94,,1279.4
2017/12/27 00:00:00,15589.32167,1279.4,1279.4
2017/12/28 00:00:00,14380.58167,1291.0,1291.0
2017/12/29 00:00:00,14214.01,,1312.05
2017/12/30 00:00:00,13215.574,,1312.05
2017/12/31 00:00:00,14165.575,,1312.05
2018/01/01 00:00:00,13796.0,,1312.05
2018/01/02 00:00:00,15005.85667,1312.05,1312.05
2018/01/03 00:00:00,15053.26167,1314.9,1314.9
2018/01/04 00:00:00,15039.24,1314.5,1314.5
2018/01/05 00:00:00,17174.12,1317.15,1317.15
2018/01/06 00:00:00,17319.198,,1319.95
2018/01/07 00:00:00,17155.95,,1319.95
2018/01/08 00:00:00,15265.90667,1319.95,1319.95
2018/01/09 00:00:00,14714.25333,1311.0,1311.0
2018/01/10 00:00:00,14437.42,1319.75,1319.75
2018/01/11 00:00:00,13296.794,1323.05,1323.05
2018/01/12 00:00:00,13912.882,1326.8,1326.8
2018/01/13 00:00:00,13791.19,,1339.25
2018/01/14 00:00:00,13852.92,,1339.25
2018/01/15 00:00:00,14012.196,1339.25,1339.25
2018/01/16 00:00:00,13554.14,1333.85,1333.85
2018/01/17 00:00:00,11116.94667,1335.65,1335.65
2018/01/18 00:00:00,11345.42333,1332.2,1332.2
2018/01/19 00:00:00,11174.82,1334.95,1334.95
2018/01/20 00:00:00,12950.79333,,1332.6
2018/01/21 00:00:00,11505.228,,1332.6
2018/01/22 00:00:00,11513.42,1332.6,1332.6
2018/01/23 00:00:00,11223.064,1333.4,1333.4
2018/01/24 00:00:00,11282.25833,1353.7,1353.7
2018/01/25 00:00:00,11392.03,1354.95,1354.95
2018/01/26 00:00:00,10969.815,1353.15,1353.15
2018/01/27 00:00:00,11524.77667,,1343.85
2018/01/28 00:00:00,11431.37,,1343.85
2018/01/29 00:00:00,11212.655,1343.85,1343.85
2018/01/30 00:00:00,10184.06167,1344.9,1344.9
2018/01/31 00:00:00,10082.52,1345.05,1345.05
2018/02/01 00:00:00,9083.258333,1341.35,1341.35
2018/02/02 00:00:00,8901.901667,1331.15,1331.15
2018/02/03 00:00:00,8852.73,,1333.6
2018/02/04 00:00:00,8400.648333,,1333.6
2018/02/05 00:00:00,6838.816667,1333.6,1333.6
2018/02/06 00:00:00,6925.46,1331.4,1331.4
2018/02/07 00:00:00,8099.958333,1324.65,1324.65
2018/02/08 00:00:00,8240.536667,1315.45,1315.45
2018/02/09 00:00:00,8245.08,1314.1,1314.1
2018/02/10 00:00:00,8319.876566,,1322.3
2018/02/11 00:00:00,8343.455,,1322.3
2018/02/12 00:00:00,8068.02,1322.3,1322.3
2018/02/13 00:00:00,8597.7675,1325.35,1325.35
2018/02/14 00:00:00,9334.633333,1336.25,1336.25
2018/02/15 00:00:00,9471.64,1352.45,1352.45
2018/02/16 00:00:00,10127.16167,1352.1,1352.1
2018/02/17 00:00:00,10841.99167,,1346.6
2018/02/18 00:00:00,11085.83,,1346.6
2018/02/19 00:00:00,11110.965,1346.6,1346.6
2018/02/20 00:00:00,11390.39167,1339.85,1339.85
2018/02/21 00:00:00,11245.98,1330.5,1330.5
2018/02/22 00:00:00,9931.071667,1328.35,1328.35
2018/02/23 00:00:00,10162.11667,1327.95,1327.95
2018/02/24 00:00:00,10171.3,,1333.5
2018/02/25 00:00:00,9696.593333,,1333.5
2018/02/26 00:00:00,10348.60333,1333.5,1333.5
2018/02/27 00:00:00,10319.46,1325.75,1325.75
2018/02/28 00:00:00,10370.165,1317.85,1317.85
2018/03/01 00:00:00,11009.38167,1307.75,1307.75
2018/03/02 00:00:00,10931.12,1322.3,1322.3
2018/03/03 00:00:00,11326.94833,,1320.4
2018/03/04 00:00:00,11430.18167,,1320.4
2018/03/05 00:00:00,11516.83,1320.4,1320.4
2018/03/06 00:00:00,10763.19833,1331.4,1331.4
2018/03/07 00:00:00,10118.058,1329.4,1329.4
2018/03/08 00:00:00,9920.46,1321.0,1321.0
2018/03/09 00:00:00,9089.278333,1320.6,1320.6
2018/03/10 00:00:00,8746.002,,1319.15
2018/03/11 00:00:00,8777.37,,1319.15
2018/03/12 00:00:00,9182.843333,1319.15,1319.15
2018/03/13 00:00:00,9154.7,1322.75,1322.75
2018/03/14 00:00:00,9153.54,1323.55,1323.55
2018/03/15 00:00:00,8358.121667,1318.75,1318.75
2018/03/16 00:00:00,8530.402,1310.1,1310.1
2018/03/17 00:00:00,8297.89,,1312.4
2018/03/18 00:00:00,8171.415,,1312.4
2018/03/19 00:00:00,8412.033333,1312.4,1312.4
2018/03/20 00:00:00,8605.64,1311.0,1311.0
2018/03/21 00:00:00,8947.753333,1321.35,1321.35
2018/03/22 00:00:00,8690.408333,1329.15,1329.15
2018/03/23 00:00:00,8725.37,1346.6,1346.6
2018/03/24 00:00:00,8662.378333,,1352.4
2018/03/25 00:00:00,8617.296667,,1352.4
2018/03/26 00:00:00,8457.96,1352.4,1352.4
2018/03/27 00:00:00,7876.195,1341.45,1341.45
2018/03/28 00:00:00,7960.38,1332.45,1332.45
2018/03/29 00:00:00,7950.61,1323.85,1323.85
2018/03/30 00:00:00,6882.531667,,1333.45
2018/03/31 00:00:00,6935.48,,1333.45
2018/04/01 00:00:00,6937.56,,1333.45
2018/04/02 00:00:00,7035.848333,,1333.45
2018/04/03 00:00:00,7410.435,1333.45,1333.45
2018/04/04 00:00:00,7426.48,1337.3,1337.3
2018/04/05 00:00:00,6826.51,1327.7,1327.7
2018/04/06 00:00:00,6603.876667,1331.2,1331.2
2018/04/07 00:00:00,6634.68,,1331.95
2018/04/08 00:00:00,7017.656667,,1331.95
2018/04/09 00:00:00,6699.273333,1331.95,1331.95
2018/04/10 00:00:00,6784.41,1338.95,1338.95
2018/04/11 00:00:00,6926.266667,1350.75,1350.75
2018/04/12 00:00:00,7847.845,1341.35,1341.35
2018/04/13 00:00:00,7941.46,1343.7,1343.7
2018/04/14 00:00:00,8036.511051,,1349.35
2018/04/15 00:00:00,8340.748333,,1349.35
2018/04/16 00:00:00,8368.1,1349.35,1349.35
2018/04/17 00:00:00,7895.416926,1342.1,1342.1
2018/04/18 00:00:00,8164.937426,1351.45,1351.45
2018/04/19 00:00:00,8175.96,1348.6,1348.6
2018/04/20 00:00:00,8852.718333,1336.75,1336.75
2018/04/21 00:00:00,8807.205,,1324.3
2018/04/22 00:00:00,8930.6,,1324.3
2018/04/23 00:00:00,8933.861667,1324.3,1324.3
2018/04/24 00:00:00,9555.542,1328.85,1328.85
2018/04/25 00:00:00,9658.11,1321.65,1321.65
2018/04/26 00:00:00,9258.398333,1320.7,1320.7
2018/04/27 00:00:00,9010.32,1321.5,1321.5
2018/04/28 00:00:00,8928.55,,1313.2
2018/04/29 00:00:00,9334.281667,,1313.2
2018/04/30 00:00:00,9259.57,1313.2,1313.2
2018/05/01 00:00:00,9239.55,1307.1,1307.1
2018/05/02 00:00:00,9221.426,1304.2,1304.2
2018/05/03 00:00:00,9639.268333,1315.05,1315.05
2018/05/04 00:00:00,9753.35,1309.4,1309.4
2018/05/05 00:00:00,9803.306667,,1306.6
2018/05/06 00:00:00,9630.136277,,1306.6
2018/05/07 00:00:00,9631.44,,1306.6
2018/05/08 00:00:00,9228.608333,1306.6,1306.6
2018/05/09 00:00:00,9322.041667,1313.85,1313.85
2018/05/10 00:00:00,9310.37,1318.8,1318.8
2018/05/11 00:00:00,8468.788,1324.35,1324.35
2018/05/12 00:00:00,8484.346667,,1319.85
2018/05/13 00:00:00,8463.52,,1319.85
2018/05/14 00:00:00,8652.038333,1319.85,1319.85
2018/05/15 00:00:00,8511.458,1295.0,1295.0
2018/05/16 00:00:00,8471.06,1291.25,1291.25
2018/05/17 00:00:00,8106.118333,1289.5,1289.5
2018/05/18 00:00:00,8240.055,1288.3,1288.3
2018/05/19 00:00:00,8239.08,,1288.35
2018/05/20 00:00:00,8507.406667,,1288.35
2018/05/21 00:00:00,8385.556187,1288.35,1288.35
2018/05/22 00:00:00,8396.63,1293.05,1293.05
2018/05/23 00:00:00,7555.74,1289.0,1289.0
2018/05/24 00:00:00,7566.193333,1304.85,1304.85
2018/05/25 00:00:00,7576.78,1303.5,1303.5
2018/05/26 00:00:00,7342.908333,,1295.5
2018/05/27 00:00:00,7361.831667,,1295.5
2018/05/28 00:00:00,7344.56,,1295.5
2018/05/29 00:00:00,7459.876667,1295.5,1295.5
2018/05/30 00:00:00,7385.395,1300.7,1300.7
2018/05/31 00:00:00,7386.72,1305.35,1305.35
2018/06/01 00:00:00,7535.146667,1294.6,1294.6
2018/06/02 00:00:00,7645.146667,,1295.45
2018/06/03 00:00:00,7637.14,,1295.45
2018/06/04 00:00:00,7500.273333,1295.45,1295.45
2018/06/05 00:00:00,7615.722142,1292.05,1292.05
2018/06/06 00:00:00,7619.43,1300.1,1300.1
2018/06/07 00:00:00,7676.271667,1297.25,1297.25
2018/06/08 00:00:00,7620.153333,1298.25,1298.25
2018/06/09 00:00:00,7615.54,,1299.6
2018/06/10 00:00:00,6776.888333,,1299.6
2018/06/11 00:00:00,6875.678333,1299.6,1299.6
2018/06/12 00:00:00,6879.31,1298.65,1298.65
2018/06/13 00:00:00,6315.7,1296.15,1296.15
2018/06/14 00:00:00,6647.013333,1302.75,1302.75
2018/06/15 00:00:00,6637.41,1285.25,1285.25
2018/06/16 00:00:00,6509.426667,,1281.55
2018/06/17 00:00:00,6464.411667,,1281.55
2018/06/18 00:00:00,6445.79,1281.55,1281.55
2018/06/19 00:00:00,6737.0,1276.15,1276.15
2018/06/20 00:00:00,6714.718333,1274.2,1274.2
2018/06/21 00:00:00,6760.83,1266.15,1266.15
2018/06/22 00:00:00,6332.573333,1269.15,1269.15
2018/06/23 00:00:00,6141.605833,,1268.7
2018/06/24 00:00:00,6170.46,,1268.7
2018/06/25 00:00:00,6211.4475,1268.7,1268.7
2018/06/26 00:00:00,6218.595,1260.3,1260.3
2018/06/27 00:00:00,6097.46,1254.6,1254.6
2018/06/28 00:00:00,6107.896154,1251.55,1251.55
2018/06/29 00:00:00,5908.7025,1250.45,1250.45
2018/06/30 00:00:00,6223.28,,1247.8
2018/07/01 00:00:00,6374.754167,,1247.8
2018/07/02 00:00:00,6466.069167,1247.8,1247.8
2018/07/03 00:00:00,6626.44,1251.75,1251.75
2018/07/04 00:00:00,6593.289167,1255.65,1255.65
2018/07/05 00:00:00,6603.376667,1255.5,1255.5
2018/07/06 00:00:00,6555.51,1255.35,1255.35
2018/07/07 00:00:00,6594.281667,,1262.05
2018/07/08 00:00:00,6753.559167,,1262.05
2018/07/09 00:00:00,6724.04,1262.05,1262.05
2018/07/10 00:00:00,6510.791667,1254.0,1254.0
2018/07/11 00:00:00,6377.363333,1251.4,1251.4
2018/07/12 00:00:00,6403.18,1245.9,1245.9
2018/07/13 00:00:00,6244.3575,1241.7,1241.7
2018/07/14 00:00:00,6241.0,,1241.1
2018/07/15 00:00:00,6248.84,,1241.1
2018/07/16 00:00:00,6514.390833,1241.1,1241.1
2018/07/17 00:00:00,6869.910833,1232.8,1232.8
2018/07/18 00:00:00,7321.62,1224.5,1224.5
2018/07/19 00:00:00,7396.401667,1217.55,1217.55
2018/07/20 00:00:00,7428.045,1228.75,1228.75
2018/07/21 00:00:00,7334.99,,1224.95
2018/07/22 00:00:00,7451.289167,,1224.95
2018/07/23 00:00:00,7689.884167,1224.95,1224.95
2018/07/24 00:00:00,7715.1,1228.35,1228.35
2018/07/25 00:00:00,8251.165,1231.5,1231.5
2018/07/26 00:00:00,8187.324167,1228.25,1228.25
2018/07/27 00:00:00,7939.81,1223.95,1223.95
2018/07/28 00:00:00,8182.251667,,1223.8
2018/07/29 00:00:00,8206.341667,,1223.8
2018/07/30 00:00:00,8220.91,1223.8,1223.8
2018/07/31 00:00:00,7916.800833,1220.95,1220.95
2018/08/01 00:00:00,7570.869167,1219.0,1219.0
2018/08/02 00:00:00,7607.7,1215.45,1215.45
2018/08/03 00:00:00,7394.499167,1216.3,1216.3
2018/08/04 00:00:00,7247.769167,,1209.65
2018/08/05 00:00:00,7011.28,,1209.65
2018/08/06 00:00:00,6988.079167,1209.65,1209.65
2018/08/07 00:00:00,6993.513333,1212.35,1212.35
2018/08/08 00:00:00,6718.23,1209.55,1209.55
2018/08/09 00:00:00,6396.7725,1214.35,1214.35
2018/08/10 00:00:00,6396.494667,1214.4,1214.4
2018/08/11 00:00:00,6138.96,,1200.35
2018/08/12 00:00:00,6311.131667,,1200.35
2018/08/13 00:00:00,6347.07,1200.35,1200.35
2018/08/14 00:00:00,6252.13,1197.0,1197.0
2018/08/15 00:00:00,6362.676923,1182.0,1182.0
2018/08/16 00:00:00,6342.629231,1180.4,1180.4
2018/08/17 00:00:00,6312.75,1178.4,1178.4
2018/08/18 00:00:00,6436.720833,,1184.35
2018/08/19 00:00:00,6404.063333,,1184.35
2018/08/20 00:00:00,6486.58,1184.35,1184.35
2018/08/21 00:00:00,6401.246154,1190.95,1190.95
2018/08/22 00:00:00,6575.229167,1196.65,1196.65
2018/08/23 00:00:00,6354.57,1192.35,1192.35
2018/08/24 00:00:00,6543.645714,1197.7,1197.7
2018/08/25 00:00:00,6719.429231,,1212.25
2018/08/26 00:00:00,6738.27,,1212.25
2018/08/27 00:00:00,6719.266154,,1212.25
2018/08/28 00:00:00,7000.04,1212.25,1212.25
2018/08/29 00:00:00,7078.19,1204.2,1204.2
2018/08/30 00:00:00,6932.6625,1197.3,1197.3
2018/08/31 00:00:00,6981.946154,1202.45,1202.45
2018/09/01 00:00:00,7018.78,,1200.05
2018/09/02 00:00:00,7247.935385,,1200.05
2018/09/03 00:00:00,7260.949231,1200.05,1200.05
2018/09/04 00:00:00,7265.08,1190.85,1190.85
2018/09/05 00:00:00,7113.069231,1196.7,1196.7
2018/09/06 00:00:00,6433.271667,1205.15,1205.15
2018/09/07 00:00:00,6501.19,1198.9,1198.9
2018/09/08 00:00:00,6366.1075,,1196.6
2018/09/09 00:00:00,6286.425833,,1196.6
2018/09/10 00:00:00,6240.98,1196.6,1196.6
2018/09/11 00:00:00,6296.320833,1189.85,1189.85
2018/09/12 00:00:00,6273.1375,1195.6,1195.6
2018/09/13 00:00:00,6326.04,1209.8,1209.8
2018/09/14 00:00:00,6499.0625,1201.95,1201.95
2018/09/15 00:00:00,6518.655,,1201.9
2018/09/16 00:00:00,6522.39,,1201.9
2018/09/17 00:00:00,6400.600833,1201.9,1201.9
2018/09/18 00:00:00,6296.631667,1200.2,1200.2
2018/09/19 00:00:00,6342.39,1203.3,1203.3
2018/09/20 00:00:00,6418.562667,1208.35,1208.35
2018/09/21 00:00:00,6669.990833,1198.7,1198.7
2018/09/22 00:00:00,6756.12,,1202.75
2018/09/23 00:00:00,6710.445,,1202.75
2018/09/24 00:00:00,6639.304167,1202.75,1202.75
2018/09/25 00:00:00,6583.45,1201.9,1201.9
2018/09/26 00:00:00,6468.631667,1194.25,1194.25
2018/09/27 00:00:00,6535.476667,1185.4,1185.4
2018/09/28 00:00:00,6686.08,1187.25,1187.25
2018/09/29 00:00:00,6550.474167,,1189.35
2018/09/30 00:00:00,6593.135,,1189.35
2018/10/01 00:00:00,6611.02,1189.35,1189.35
2018/10/02 00:00:00,6562.641667,1204.7,1204.7
2018/10/03 00:00:00,6470.4025,1201.2,1201.2
2018/10/04 00:00:00,6483.73,1203.45,1203.45
2018/10/05 00:00:00,6568.549167,1203.8,1203.8
2018/10/06 00:00:00,6581.486667,,1186.95
2018/10/07 00:00:00,6573.62,,1186.95
2018/10/08 00:00:00,6618.567692,1186.95,1186.95
2018/10/09 00:00:00,6621.711667,1185.55,1185.55
2018/10/10 00:00:00,6626.85,1188.6,1188.6
2018/10/11 00:00:00,6248.635833,1205.55,1205.55
2018/10/12 00:00:00,6260.530833,1219.75,1219.75
2018/10/13 00:00:00,6247.0,,1229.95
2018/10/14 00:00:00,6299.399167,,1229.95
2018/10/15 00:00:00,6452.571667,1229.95,1229.95
2018/10/16 00:00:00,6599.17,1230.7,1230.7
2018/10/17 00:00:00,6596.276154,1229.05,1229.05
2018/10/18 00:00:00,6568.040769,1223.0,1223.0
2018/10/19 00:00:00,6509.61,1227.85,1227.85
2018/10/20 00:00:00,6488.825833,,1222.3
2018/10/21 00:00:00,6531.601667,,1222.3
2018/10/22 00:00:00,6504.78,1222.3,1222.3
2018/10/23 00:00:00,6481.426,1235.95,1235.95
2018/10/24 00:00:00,6508.31,1230.55,1230.55
2018/10/25 00:00:00,6489.77,1230.8,1230.8
2018/10/26 00:00:00,6473.753333,1233.85,1233.85
2018/10/27 00:00:00,6465.9175,,1230.8
2018/10/28 00:00:00,6457.21,,1230.8
2018/10/29 00:00:00,6382.668333,1230.8,1230.8
2018/10/30 00:00:00,6309.452857,1225.4,1225.4
2018/10/31 00:00:00,6301.61,1214.95,1214.95
2018/11/01 00:00:00,6342.280833,1231.15,1231.15
2018/11/02 00:00:00,6387.674167,1232.1,1232.1
2018/11/03 00:00:00,6390.42,,1232.25
2018/11/04 00:00:00,6391.873333,,1232.25
2018/11/05 00:00:00,6436.965,1232.25,1232.25
2018/11/06 00:00:00,6437.76,1231.6,1231.6
2018/11/07 00:00:00,6538.79,1229.95,1229.95
2018/11/08 00:00:00,6486.251667,1224.15,1224.15
2018/11/09 00:00:00,6444.97,1211.4,1211.4
2018/11/10 00:00:00,6399.033333,,1205.55
2018/11/11 00:00:00,6378.268333,,1205.55
2018/11/12 00:00:00,6408.53,1205.55,1205.55
2018/11/13 00:00:00,6372.063333,1202.1,1202.1
2018/11/14 00:00:00,6176.155,1203.25,1203.25
2018/11/15 00:00:00,5756.77,1211.85,1211.85
2018/11/16 00:00:00,5596.1925,1222.4,1222.4
2018/11/17 00:00:00,5558.243333,,1221.6
2018/11/18 00:00:00,5572.44,,1221.6
2018/11/19 00:00:00,5303.9425,1221.6,1221.6
2018/11/20 00:00:00,4671.97,1223.0,1223.0
2018/11/21 00:00:00,4491.98,1226.1,1226.1
2018/11/22 00:00:00,4548.7975,1227.05,1227.05
2018/11/23 00:00:00,4309.3375,1223.65,1223.65
2018/11/24 00:00:00,4352.98,,1223.4
2018/11/25 00:00:00,3823.511667,,1223.4
2018/11/26 00:00:00,3920.536667,1223.4,1223.4
2018/11/27 00:00:00,3793.35,1221.2,1221.2
2018/11/28 00:00:00,4103.453846,1213.25,1213.25
2018/11/29 00:00:00,4263.783333,1226.25,1226.25
2018/11/30 00:00:00,4278.77,1217.55,1217.55
2018/12/01 00:00:00,4116.7775,,1230.3
2018/12/02 00:00:00,4167.546667,,1230.3
2018/12/03 00:00:00,4140.6,1230.3,1230.3
2018/12/04 00:00:00,3961.493333,1240.3,1240.3
2018/12/05 00:00:00,3858.349167,1235.9,1235.9
2018/12/06 00:00:00,3744.98,1242.55,1242.55
2018/12/07 00:00:00,3405.643333,1243.3,1243.3
2018/12/08 00:00:00,3435.34,,1245.35
2018/12/09 00:00:00,3453.66,,1245.35
2018/12/10 00:00:00,3523.96,1245.35,1245.35
2018/12/11 00:00:00,3426.19,1245.3,1245.3
2018/12/12 00:00:00,3407.28,1245.75,1245.75
2018/12/13 00:00:00,3406.7625,1242.75,1242.75
2018/12/14 00:00:00,3278.374167,1235.35,1235.35
2018/12/15 00:00:00,3242.42,,1241.65
2018/12/16 00:00:00,3271.238333,,1241.65
2018/12/17 00:00:00,3392.405,1241.65,1241.65
2018/12/18 00:00:00,3556.54,1246.3,1246.3
2018/12/19 00:00:00,3808.0425,1255.0,1255.0
2018/12/20 00:00:00,3982.850833,1259.75,1259.75
2018/12/21 00:00:00,4135.19,1258.15,1258.15
2018/12/22 00:00:00,3910.973333,,1268.0
2018/12/23 00:00:00,4027.478333,,1268.0
2018/12/24 00:00:00,3995.17,,1268.0
2018/12/25 00:00:00,3813.88,,1268.0
2018/12/26 00:00:00,3825.379167,,1268.0
2018/12/27 00:00:00,3848.21,1268.0,1268.0
2018/12/28 00:00:00,3743.905,1279.0,1279.0
2018/12/29 00:00:00,3912.285833,,1282.9
2018/12/30 00:00:00,3770.36,,1282.9
2018/12/31 00:00:00,3791.545833,,1282.9
2019/01/01 00:00:00,3752.271667,,1282.9
2019/01/02 00:00:00,3855.88,1282.9,1282.9
2019/01/03 00:00:00,3865.7975,1290.45,1290.45
2019/01/04 00:00:00,3822.626667,1279.9,1279.9
2019/01/05 00:00:00,3856.62,,1292.2
2019/01/06 00:00:00,3920.456667,,1292.2
2019/01/07 00:00:00,4036.093333,1292.2,1292.2
2019/01/08 00:00:00,4032.25,1286.45,1286.45
2019/01/09 00:00:00,4034.138333,1288.6,1288.6
2019/01/10 00:00:00,3812.585833,1291.9,1291.9
2019/01/11 00:00:00,3646.25,1288.95,1288.95
2019/01/12 00:00:00,3646.345833,,1292.75
2019/01/13 00:00:00,3599.841667,,1292.75
2019/01/14 00:00:00,3531.96,1292.75,1292.75
2019/01/15 00:00:00,3656.785,1294.4,1294.4
2019/01/16 00:00:00,3621.270833,1292.3,1292.3
2019/01/17 00:00:00,3621.43,1290.7,1290.7
2019/01/18 00:00:00,3632.395,1284.2,1284.2
2019/01/19 00:00:00,3690.523333,,1279.55
2019/01/20 00:00:00,3703.98,,1279.55
2019/01/21 00:00:00,3548.4275,1279.55,1279.55
2019/01/22 00:00:00,3540.02,1282.1,1282.1
2019/01/23 00:00:00,3587.35,1279.8,1279.8
2019/01/24 00:00:00,3566.4,1283.7,1283.7
2019/01/25 00:00:00,3586.25,1293.9,1293.9
2019/01/26 00:00:00,3577.79,,1302.15
2019/01/27 00:00:00,3576.3,,1302.15
2019/01/28 00:00:00,3554.5,1302.15,1302.15
2019/01/29 00:00:00,3448.58,1307.55,1307.55
2019/01/30 00:00:00,3421.6,1310.7,1310.7
2019/01/31 00:00:00,3470.0,1323.25,1323.25
2019/02/01 00:00:00,3444.81,1318.7,1318.7
2019/02/02 00:00:00,3475.33,,1312.15
2019/02/03 00:00:00,3506.22,,1312.15
2019/02/04 00:00:00,3456.02,1312.15,1312.15
2019/02/05 00:00:00,3452.35,1314.2,1314.2
2019/02/06 00:00:00,3467.34,1312.4,1312.4
2019/02/07 00:00:00,3405.7,1310.0,1310.0
2019/02/08 00:00:00,3394.76,1314.85,1314.85
2019/02/09 00:00:00,3661.08,,1306.4
2019/02/10 00:00:00,3664.38,,1306.4
2019/02/11 00:00:00,3686.29,1306.4,1306.4
2019/02/12 00:00:00,3629.47,1310.0,1310.0
2019/02/13 00:00:00,3632.42,1312.8,1312.8
2019/02/14 00:00:00,3614.5,1311.45,1311.45
2019/02/15 00:00:00,3600.31,1316.55,1316.55
2019/02/16 00:00:00,3608.2,,1325.5
2019/02/17 00:00:00,3619.55,,1325.5
2019/02/18 00:00:00,3670.74,1325.5,1325.5
2019/02/19 00:00:00,3910.8,1334.15,1334.15
2019/02/20 00:00:00,3926.53,1343.75,1343.75
2019/02/21 00:00:00,3987.18,1331.25,1331.25
2019/02/22 00:00:00,3944.88,1329.05,1329.05
2019/02/23 00:00:00,3983.48,,1331.05
2019/02/24 00:00:00,4139.6,,1331.05
2019/02/25 00:00:00,3766.89,1331.05,1331.05
2019/02/26 00:00:00,3848.33,1325.05,1325.05
2019/02/27 00:00:00,3831.45,1322.85,1322.85
2019/02/28 00:00:00,3833.23,1319.15,1319.15
2019/03/01 00:00:00,3850.08,1311.95,1311.95
2019/03/02 00:00:00,3834.62,,1285.4
2019/03/03 00:00:00,3831.44,,1285.4
2019/03/04 00:00:00,3814.58,1285.4,1285.4
2019/03/05 00:00:00,3730.98,1283.8,1283.8
2019/03/06 00:00:00,3872.25,1285.85,1285.85
2019/03/07 00:00:00,3876.85,1285.3,1285.3
2019/03/08 00:00:00,3886.82,1296.75,1296.75
2019/03/09 00:00:00,3875.96,,1292.75
2019/03/10 00:00:00,3950.56,,1292.75
2019/03/11 00:00:00,3928.17,1292.75,1292.75
2019/03/12 00:00:00,3881.09,1297.05,1297.05
2019/03/13 00:00:00,3892.51,1306.95,1306.95
2019/03/14 00:00:00,3877.77,1295.55,1295.55
2019/03/15 00:00:00,3885.21,1303.5,1303.5
2019/03/16 00:00:00,3936.5,,1305.6
2019/03/17 00:00:00,4015.95,,1305.6
2019/03/18 00:00:00,3994.92,1305.6,1305.6
2019/03/19 00:00:00,3998.77,1307.7,1307.7
2019/03/20 00:00:00,4029.11,1303.7,1303.7
2019/03/21 00:00:00,4056.4,1309.6,1309.6
2019/03/22 00:00:00,3992.34,1311.3,1311.3
2019/03/23 00:00:00,3999.06,,1319.55
2019/03/24 00:00:00,4011.92,,1319.55
2019/03/25 00:00:00,3994.11,1319.55,1319.55
2019/03/26 00:00:00,3935.89,1316.3,1316.3
2019/03/27 00:00:00,3947.74,1309.7,1309.7
2019/03/28 00:00:00,4048.51,1295.15,1295.15
2019/03/29 00:00:00,4037.37,1295.4,1295.4
2019/03/30 00:00:00,4115.55,,1293.5
2019/03/31 00:00:00,4114.44,,1293.5
2019/04/01 00:00:00,4114.16,1293.5,1293.5
2019/04/02 00:00:00,4152.53,1290.3,1290.3
2019/04/03 00:00:00,4882.88,1290.45,1290.45
2019/04/04 00:00:00,4959.81,1283.15,1283.15
2019/04/05 00:00:00,4911.24,1288.45,1288.45
2019/04/06 00:00:00,5028.77,,1300.0
2019/04/07 00:00:00,5053.52,,1300.0
2019/04/08 00:00:00,5189.39,1300.0,1300.0
2019/04/09 00:00:00,5268.71,1303.0,1303.0
2019/04/10 00:00:00,5175.81,1305.45,1305.45
2019/04/11 00:00:00,5310.18,1298.8,1298.8
2019/04/12 00:00:00,5035.02,1294.3,1294.3
2019/04/13 00:00:00,5072.85,,1285.65
2019/04/14 00:00:00,5064.62,,1285.65
2019/04/15 00:00:00,5152.51,1285.65,1285.65
2019/04/16 00:00:00,5036.18,1276.35,1276.35
2019/04/17 00:00:00,5196.65,1275.85,1275.85
2019/04/18 00:00:00,5220.37,1275.7,1275.7
2019/04/19 00:00:00,5276.31,,1269.5
2019/04/20 00:00:00,5277.04,,1269.5
2019/04/21 00:00:00,5309.28,,1269.5
2019/04/22 00:00:00,5281.83,,1269.5
2019/04/23 00:00:00,5377.19,1269.5,1269.5
2019/04/24 00:00:00,5518.16,1271.65,1271.65
2019/04/25 00:00:00,5434.19,1280.8,1280.8
2019/04/26 00:00:00,5195.61,1284.2,1284.2
2019/04/27 00:00:00,5292.83,,1279.5
2019/04/28 00:00:00,5280.19,,1279.5
2019/04/29 00:00:00,5301.29,1279.5,1279.5
2019/04/30 00:00:00,5260.65,1282.3,1282.3
2019/05/01 00:00:00,5269.79,1283.8,1283.8
2019/05/02 00:00:00,5326.67,1270.95,1270.95
2019/05/03 00:00:00,5390.16,1278.55,1278.55
2019/05/04 00:00:00,5657.14,,1281.2
2019/05/05 00:00:00,5771.08,,1281.2
2019/05/06 00:00:00,5717.66,,1281.2
2019/05/07 00:00:00,5684.47,1281.2,1281.2
2019/05/08 00:00:00,5755.72,1285.2,1285.2
2019/05/09 00:00:00,5936.72,1286.1,1286.1
2019/05/10 00:00:00,6146.91,1287.1,1287.1
2019/05/11 00:00:00,6348.02,,1295.6
2019/05/12 00:00:00,7248.31,,1295.6
2019/05/13 00:00:00,6978.63,1295.6,1295.6
2019/05/14 00:00:00,7823.11,1298.4,1298.4
2019/05/15 00:00:00,7992.69,1299.1,1299.1
2019/05/16 00:00:00,8206.9,1291.7,1291.7
2019/05/17 00:00:00,7885.96,1280.8,1280.8
2019/05/18 00:00:00,7362.22,,1276.85
2019/05/19 00:00:00,7265.05,,1276.85
2019/05/20 00:00:00,8193.7,1276.85,1276.85
2019/05/21 00:00:00,8007.03,1271.15,1271.15
2019/05/22 00:00:00,7952.5,1273.8,1273.8
2019/05/23 00:00:00,7625.93,1283.65,1283.65
2019/05/24 00:00:00,7880.29,1282.5,1282.5
2019/05/25 00:00:00,8003.26,,1278.3
2019/05/26 00:00:00,8071.45,,1278.3
2019/05/27 00:00:00,8744.42,,1278.3
2019/05/28 00:00:00,8770.06,1278.3,1278.3
2019/05/29 00:00:00,8719.88,1281.65,1281.65
2019/05/30 00:00:00,8662.98,1280.95,1280.95
2019/05/31 00:00:00,8272.46,1295.55,1295.55
2019/06/01 00:00:00,8553.81,,1317.1
2019/06/02 00:00:00,8554.8,,1317.1
2019/06/03 00:00:00,8739.03,1317.1,1317.1
2019/06/04 00:00:00,8134.92,1324.25,1324.25
2019/06/05 00:00:00,7675.8,1335.05,1335.05
2019/06/06 00:00:00,7786.04,1335.5,1335.5
2019/06/07 00:00:00,7803.23,1340.65,1340.65
2019/06/08 00:00:00,7998.29,,1328.6
2019/06/09 00:00:00,7931.34,,1328.6
2019/06/10 00:00:00,7640.61,1328.6,1328.6
2019/06/11 00:00:00,8020.38,1324.3,1324.3
2019/06/12 00:00:00,7917.58,1332.35,1332.35
2019/06/13 00:00:00,8173.06,1335.9,1335.9
2019/06/14 00:00:00,8237.88,1351.25,1351.25
2019/06/15 00:00:00,8693.6,,1341.3
2019/06/16 00:00:00,8859.47,,1341.3
2019/06/17 00:00:00,8978.99,1341.3,1341.3
2019/06/18 00:00:00,9327.48,1341.35,1341.35
2019/06/19 00:00:00,9076.18,1344.05,1344.05
2019/06/20 00:00:00,9281.7,1379.5,1379.5
2019/06/21 00:00:00,9531.35,1397.15,1397.15
2019/06/22 00:00:00,10209.38,,1405.7
2019/06/23 00:00:00,10668.63,,1405.7
2019/06/24 00:00:00,10814.48,1405.7,1405.7
2019/06/25 00:00:00,11017.5,1431.4,1431.4
2019/06/26 00:00:00,11766.4,1403.95,1403.95
2019/06/27 00:00:00,12932.55,1402.5,1402.5
2019/06/28 00:00:00,11132.85,1409.0,1409.0
2019/06/29 00:00:00,12374.35,,1390.1
2019/06/30 00:00:00,11890.38,,1390.1
2019/07/01 00:00:00,10737.73,1390.1,1390.1
2019/07/02 00:00:00,10578.72,1391.05,1391.05
2019/07/03 00:00:00,10805.4,1413.5,1413.5
2019/07/04 00:00:00,11984.76,1414.9,1414.9
2019/07/05 00:00:00,11160.49,1388.65,1388.65
2019/07/06 00:00:00,10955.16,,1400.1
2019/07/07 00:00:00,11232.04,,1400.1
2019/07/08 00:00:00,11477.01,1400.1,1400.1
2019/07/09 00:00:00,12313.08,1391.55,1391.55
2019/07/10 00:00:00,12586.78,1408.3,1408.3
2019/07/11 00:00:00,12099.9,1413.75,1413.75
2019/07/12 00:00:00,11352.87,1407.6,1407.6
2019/07/13 00:00:00,11803.97,,1412.4
2019/07/14 00:00:00,11389.1,,1412.4
2019/07/15 00:00:00,10186.96,1412.4,1412.4
2019/07/16 00:00:00,10873.5,1409.85,1409.85
2019/07/17 00:00:00,9397.72,1410.35,1410.35
2019/07/18 00:00:00,9674.28,1417.45,1417.45
2019/07/19 00:00:00,10638.56,1439.7,1439.7
2019/07/20 00:00:00,10535.75,,1427.75
2019/07/21 00:00:00,10764.9,,1427.75
2019/07/22 00:00:00,10587.41,1427.75,1427.75
2019/07/23 00:00:00,10323.62,1425.55,1425.55
2019/07/24 00:00:00,9844.3,1426.95,1426.95
2019/07/25 00:00:00,9772.17,1416.1,1416.1
2019/07/26 00:00:00,9875.17,1420.4,1420.4
2019/07/27 00:00:00,9848.65,,1419.05
2019/07/28 00:00:00,9473.99,,1419.05
2019/07/29 00:00:00,9530.0,1419.05,1419.05
2019/07/30 00:00:00,9501.33,1425.9,1425.9
2019/07/31 00:00:00,9589.13,1427.55,1427.55
2019/08/01 00:00:00,10084.7,1406.8,1406.8
2019/08/02 00:00:00,10407.17,1441.75,1441.75
2019/08/03 00:00:00,10529.55,,1465.25
2019/08/04 00:00:00,10814.57,,1465.25
2019/08/05 00:00:00,10980.23,1465.25,1465.25
2019/08/06 00:00:00,11787.99,1465.25,1465.25
2019/08/07 00:00:00,11465.67,1506.05,1506.05
2019/08/08 00:00:00,11960.82,1495.75,1495.75
2019/08/09 00:00:00,11996.41,1497.7,1497.7
2019/08/10 00:00:00,11856.64,,1504.7
2019/08/11 00:00:00,11282.22,,1504.7
2019/08/12 00:00:00,11566.84,1504.7,1504.7
2019/08/13 00:00:00,11386.26,1498.4,1498.4
2019/08/14 00:00:00,10858.12,1513.25,1513.25
2019/08/15 00:00:00,10016.96,1515.65,1515.65
2019/08/16 00:00:00,10302.17,1515.25,1515.25
2019/08/17 00:00:00,10359.44,,1496.6
2019/08/18 00:00:00,10214.52,,1496.6
2019/08/19 00:00:00,10317.6,1496.6,1496.6
2019/08/20 00:00:00,10917.26,1504.55,1504.55
2019/08/21 00:00:00,10760.56,1503.25,1503.25
2019/08/22 00:00:00,10129.4,1502.05,1502.05
2019/08/23 00:00:00,10111.98,1503.8,1503.8
2019/08/24 00:00:00,10405.81,,1532.95
2019/08/25 00:00:00,10143.8,,1532.95
2019/08/26 00:00:00,10135.06,,1532.95
2019/08/27 00:00:00,10360.28,1532.95,1532.95
2019/08/28 00:00:00,10171.95,1537.15,1537.15
2019/08/29 00:00:00,9717.82,1540.2,1540.2
2019/08/30 00:00:00,9484.55,1528.4,1528.4
2019/08/31 00:00:00,9577.99,,1525.95
2019/09/01 00:00:00,9600.9,,1525.95
2019/09/02 00:00:00,9769.79,1525.95,1525.95
2019/09/03 00:00:00,10386.64,1537.85,1537.85
2019/09/04 00:00:00,10621.29,1546.1,1546.1
2019/09/05 00:00:00,10584.16,1529.1,1529.1
2019/09/06 00:00:00,10577.8,1523.7,1523.7
2019/09/07 00:00:00,10317.47,,1509.2
2019/09/08 00:00:00,10487.21,,1509.2
2019/09/09 00:00:00,10406.31,1509.2,1509.2
2019/09/10 00:00:00,10313.66,1498.25,1498.25
2019/09/11 00:00:00,10101.03,1490.65,1490.65
2019/09/12 00:00:00,10159.32,1515.2,1515.2
2019/09/13 00:00:00,10420.16,1503.1,1503.1
2019/09/14 00:00:00,10363.9,,1497.2
2019/09/15 00:00:00,10361.33,,1497.2
2019/09/16 00:00:00,10310.43,1497.2,1497.2
2019/09/17 00:00:00,10265.63,1502.1,1502.1
2019/09/18 00:00:00,10190.36,1503.5,1503.5
2019/09/19 00:00:00,10157.59,1500.7,1500.7
2019/09/20 00:00:00,10275.88,1501.9,1501.9
2019/09/21 00:00:00,10173.11,,1522.1
2019/09/22 00:00:00,9979.49,,1522.1
2019/09/23 00:00:00,10033.05,1522.1,1522.1
2019/09/24 00:00:00,9683.38,1520.65,1520.65
2019/09/25 00:00:00,8553.61,1528.75,1528.75
2019/09/26 00:00:00,8432.23,1506.4,1506.4
2019/09/27 00:00:00,8055.64,1489.9,1489.9
2019/09/28 00:00:00,8193.9,,1485.3
2019/09/29 00:00:00,8225.0,,1485.3
2019/09/30 00:00:00,8056.74,1485.3,1485.3
2019/10/01 00:00:00,8307.74,1473.45,1473.45
2019/10/02 00:00:00,8322.92,1492.6,1492.6
2019/10/03 00:00:00,8382.03,1517.1,1517.1
2019/10/04 00:00:00,8236.17,1499.15,1499.15
2019/10/05 00:00:00,8155.48,,1501.25
2019/10/06 00:00:00,8147.69,,1501.25
2019/10/07 00:00:00,7869.74,1501.25,1501.25
2019/10/08 00:00:00,8212.02,1505.85,1505.85
2019/10/09 00:00:00,8190.0,1507.25,1507.25
2019/10/10 00:00:00,8587.92,1494.8,1494.8
2019/10/11 00:00:00,8586.9,1479.15,1479.15
2019/10/12 00:00:00,8269.73,,1490.6
2019/10/13 00:00:00,8308.01,,1490.6
2019/10/14 00:00:00,8283.76,1490.6,1490.6
2019/10/15 00:00:00,8353.54,1487.8,1487.8
2019/10/16 00:00:00,8162.16,1485.1,1485.1
2019/10/17 00:00:00,8002.51,1492.65,1492.65
2019/10/18 00:00:00,8076.78,1490.0,1490.0
2019/10/19 00:00:00,7954.15,,1491.65
2019/10/20 00:00:00,7960.04,,1491.65
2019/10/21 00:00:00,8231.06,1491.65,1491.65
2019/10/22 00:00:00,8222.52,1485.35,1485.35
2019/10/23 00:00:00,8026.76,1494.45,1494.45
2019/10/24 00:00:00,7469.56,1496.55,1496.55
2019/10/25 00:00:00,7431.88,1513.45,1513.45
2019/10/26 00:00:00,8666.79,,1492.4
2019/10/27 00:00:00,9259.8,,1492.4
2019/10/28 00:00:00,9551.54,1492.4,1492.4
2019/10/29 00:00:00,9218.76,1486.75,1486.75
2019/10/30 00:00:00,9433.35,1492.1,1492.1
2019/10/31 00:00:00,9164.62,1510.95,1510.95
2019/11/01 00:00:00,9147.98,1508.8,1508.8
2019/11/02 00:00:00,9252.99,,1509.45
2019/11/03 00:00:00,9301.18,,1509.45
2019/11/04 00:00:00,9206.16,1509.45,1509.45
2019/11/05 00:00:00,9418.05,1488.95,1488.95
2019/11/06 00:00:00,9310.19,1486.05,1486.05
2019/11/07 00:00:00,9343.34,1484.25,1484.25
2019/11/08 00:00:00,9204.24,1464.15,1464.15
2019/11/09 00:00:00,8766.04,,1458.7
2019/11/10 00:00:00,8809.41,,1458.7
2019/11/11 00:00:00,9037.12,1458.7,1458.7
2019/11/12 00:00:00,8717.81,1452.05,1452.05
2019/11/13 00:00:00,8801.52,1462.9,1462.9
2019/11/14 00:00:00,8762.42,1466.65,1466.65
2019/11/15 00:00:00,8632.32,1466.9,1466.9
2019/11/16 00:00:00,8457.69,,1467.65
2019/11/17 00:00:00,8482.7,,1467.65
2019/11/18 00:00:00,8503.93,1467.65,1467.65
2019/11/19 00:00:00,8175.99,1468.45,1468.45
2019/11/20 00:00:00,8120.8,1471.7,1471.7
2019/11/21 00:00:00,8081.81,1467.05,1467.05
2019/11/22 00:00:00,7617.07,1464.45,1464.45
2019/11/23 00:00:00,7286.35,,1458.4
2019/11/24 00:00:00,7324.03,,1458.4
2019/11/25 00:00:00,6907.4,1458.4,1458.4
2019/11/26 00:00:00,7130.25,1454.65,1454.65
2019/11/27 00:00:00,7163.63,1454.35,1454.35
2019/11/28 00:00:00,7523.83,1454.65,1454.65
2019/11/29 00:00:00,7431.0,1460.15,1460.15
2019/11/30 00:00:00,7757.47,,1461.15
2019/12/01 00:00:00,7557.72,,1461.15
2019/12/02 00:00:00,7402.69,1461.15,1461.15
2019/12/03 00:00:00,7309.59,1477.3,1477.3
2019/12/04 00:00:00,7296.77,1475.1,1475.1
2019/12/05 00:00:00,7192.85,1475.95,1475.95
2019/12/06 00:00:00,7395.97,1459.65,1459.65
2019/12/07 00:00:00,7547.19,,1461.7
2019/12/08 00:00:00,7504.83,,1461.7
2019/12/09 00:00:00,7522.39,1461.7,1461.7
2019/12/10 00:00:00,7337.42,1464.95,1464.95
2019/12/11 00:00:00,7220.76,1466.8,1466.8
2019/12/12 00:00:00,7202.31,1467.8,1467.8
2019/12/13 00:00:00,7189.16,1466.6,1466.6
2019/12/14 00:00:00,7251.87,,1477.9
2019/12/15 00:00:00,7067.74,,1477.9
2019/12/16 00:00:00,7111.14,1477.9,1477.9
2019/12/17 00:00:00,6879.54,1475.8,1475.8
2019/12/18 00:00:00,6612.12,1474.05,1474.05
2019/12/19 00:00:00,7284.29,1476.7,1476.7
2019/12/20 00:00:00,7150.86,1479.0,1479.0
2019/12/21 00:00:00,7190.17,,1482.1
2019/12/22 00:00:00,7143.2,,1482.1
2019/12/23 00:00:00,7514.41,1482.1,1482.1
2019/12/24 00:00:00,7322.08,,1511.5
2019/12/25 00:00:00,7250.69,,1511.5
2019/12/26 00:00:00,7192.72,,1511.5
2019/12/27 00:00:00,7194.4,1511.5,1511.5
2019/12/28 00:00:00,7243.93,,1514.75
2019/12/29 00:00:00,7301.07,,1514.75
2019/12/30 00:00:00,7385.36,1514.75,1514.75
2019/12/31 00:00:00,7219.6,,1527.1
2020/01/01 00:00:00,7168.31,,1527.1
2020/01/02 00:00:00,7175.68,1527.1,1527.1
2020/01/03 00:00:00,6944.33,1548.75,1548.75
2020/01/04 00:00:00,7326.35,,1573.1
2020/01/05 00:00:00,7347.89,,1573.1
2020/01/06 00:00:00,7351.57,1573.1,1573.1
2020/01/07 00:00:00,7759.24,1567.85,1567.85
2020/01/08 00:00:00,8165.47,1571.95,1571.95
2020/01/09 00:00:00,8042.65,1550.75,1550.75
2020/01/10 00:00:00,7817.92,1553.6,1553.6
2020/01/11 00:00:00,8184.66,,1549.9
2020/01/12 00:00:00,8021.49,,1549.9
2020/01/13 00:00:00,8173.97,1549.9,1549.9
2020/01/14 00:00:00,8105.24,1545.1,1545.1
2020/01/15 00:00:00,8842.42,1549.0,1549.0
2020/01/16 00:00:00,8813.89,1554.55,1554.55
2020/01/17 00:00:00,8722.03,1557.6,1557.6
2020/01/18 00:00:00,8900.34,,1560.15
2020/01/19 00:00:00,8910.85,,1560.15
2020/01/20 00:00:00,8703.36,1560.15,1560.15
2020/01/21 00:00:00,8626.47,1551.3,1551.3
2020/01/22 00:00:00,8722.26,1556.9,1556.9
2020/01/23 00:00:00,8658.94,1562.9,1562.9
2020/01/24 00:00:00,8388.11,1564.3,1564.3
2020/01/25 00:00:00,8428.17,,1580.1
2020/01/26 00:00:00,8327.36,,1580.1
2020/01/27 00:00:00,8588.42,1580.1,1580.1
2020/01/28 00:00:00,8895.78,1574.0,1574.0
2020/01/29 00:00:00,9385.69,1573.45,1573.45
2020/01/30 00:00:00,9279.81,1578.25,1578.25
2020/01/31 00:00:00,9502.37,1584.2,1584.2
2020/02/01 00:00:00,9333.77,,1574.75
2020/02/02 00:00:00,9378.09,,1574.75
2020/02/03 00:00:00,9314.56,1574.75,1574.75
2020/02/04 00:00:00,9162.14,1558.35,1558.35
2020/02/05 00:00:00,9162.14,1553.3,1553.3
2020/02/06 00:00:00,9614.9,1563.3,1563.3
2020/02/07 00:00:00,9755.66,1572.65,1572.65
2020/02/08 00:00:00,9807.54,,1573.2
2020/02/09 00:00:00,9907.12,,1573.2
2020/02/10 00:00:00,10162.41,1573.2,1573.2
2020/02/11 00:00:00,9854.79,1570.5,1570.5
2020/02/12 00:00:00,10275.38,1563.7,1563.7
2020/02/13 00:00:00,10354.3,1575.05,1575.05
2020/02/14 00:00:00,10242.43,1581.4,1581.4
2020/02/15 00:00:00,10368.53,,1580.8
2020/02/16 00:00:00,9904.17,,1580.8
2020/02/17 00:00:00,9937.67,1580.8,1580.8
2020/02/18 00:00:00,9703.93,1589.85,1589.85
2020/02/19 00:00:00,10180.65,1604.2,1604.2
2020/02/20 00:00:00,9604.72,1619.0,1619.0
2020/02/21 00:00:00,9606.86,1643.3,1643.3
2020/02/22 00:00:00,9696.58,,1671.65
2020/02/23 00:00:00,9669.63,,1671.65
2020/02/24 00:00:00,9989.39,1671.65,1671.65
2020/02/25 00:00:00,9663.75,1650.3,1650.3
2020/02/26 00:00:00,9309.15,1634.9,1634.9
2020/02/27 00:00:00,8785.52,1652.0,1652.0
2020/02/28 00:00:00,8804.72,1609.85,1609.85
2020/02/29 00:00:00,8712.35,,1599.65
2020/03/01 00:00:00,8534.17,,1599.65
2020/03/02 00:00:00,8912.82,1599.65,1599.65
2020/03/03 00:00:00,8912.82,1615.5,1615.5
2020/03/04 00:00:00,8754.34,1641.85,1641.85
2020/03/05 00:00:00,8758.9,1659.6,1659.6
2020/03/06 00:00:00,9067.39,1683.65,1683.65
2020/03/07 00:00:00,9155.89,,1672.5
2020/03/08 00:00:00,8898.63,,1672.5
2020/03/09 00:00:00,8039.38,1672.5,1672.5
2020/03/10 00:00:00,7931.94,1655.7,1655.7
2020/03/11 00:00:00,7885.46,1653.75,1653.75
2020/03/12 00:00:00,7936.65,1570.7,1570.7
2020/03/13 00:00:00,4830.21,1562.8,1562.8
2020/03/14 00:00:00,5609.03,,1487.7
2020/03/15 00:00:00,5166.26,,1487.7
2020/03/16 00:00:00,5348.44,1487.7,1487.7
2020/03/17 00:00:00,5026.35,1536.2,1536.2
2020/03/18 00:00:00,5357.61,1498.2,1498.2
2020/03/19 00:00:00,5410.23,1474.25,1474.25
2020/03/20 00:00:00,6195.2,1494.4,1494.4
2020/03/21 00:00:00,6226.44,,1525.4
2020/03/22 00:00:00,6189.85,,1525.4
2020/03/23 00:00:00,5822.62,1525.4,1525.4
2020/03/24 00:00:00,6502.16,1605.75,1605.75
2020/03/25 00:00:00,6768.49,1605.45,1605.45
2020/03/26 00:00:00,6698.46,1634.8,1634.8
2020/03/27 00:00:00,6763.75,1617.3,1617.3
2020/03/28 00:00:00,6369.09,,1618.3
2020/03/29 00:00:00,6260.95,,1618.3
2020/03/30 00:00:00,5885.41,1618.3,1618.3
2020/03/31 00:00:00,6405.29,1608.95,1608.95
2020/04/01 00:00:00,6428.28,1576.55,1576.55
2020/04/02 00:00:00,6652.87,1616.8,1616.8
2020/04/03 00:00:00,6809.11,1613.1,1613.1
2020/04/04 00:00:00,6741.67,,1648.3
2020/04/05 00:00:00,6871.69,,1648.3
2020/04/06 00:00:00,6777.44,1648.3,1648.3
2020/04/07 00:00:00,7343.2,1649.25,1649.25
2020/04/08 00:00:00,7205.55,1647.8,1647.8
2020/04/09 00:00:00,7365.03,1680.65,1680.65
2020/04/10 00:00:00,7293.69,,1741.9
2020/04/11 00:00:00,6873.24,,1741.9
2020/04/12 00:00:00,6891.6,,1741.9
2020/04/13 00:00:00,6915.37,,1741.9
2020/04/14 00:00:00,6857.66,1741.9,1741.9
2020/04/15 00:00:00,6871.95,1718.65,1718.65
2020/04/16 00:00:00,6623.8,1729.5,1729.5
2020/04/17 00:00:00,7112.27,1692.55,1692.55
2020/04/18 00:00:00,7034.89,,1686.2
2020/04/19 00:00:00,7259.36,,1686.2
2020/04/20 00:00:00,7130.04,1686.2,1686.2
2020/04/21 00:00:00,6840.24,1682.05,1682.05
2020/04/22 00:00:00,6852.52,1710.55,1710.55
2020/04/23 00:00:00,7130.99,1736.25,1736.25
2020/04/24 00:00:00,7477.6,1715.9,1715.9
2020/04/25 00:00:00,7507.08,,1714.95
2020/04/26 00:00:00,7549.52,,1714.95
2020/04/27 00:00:00,7699.27,1714.95,1714.95
2020/04/28 00:00:00,7790.66,1691.55,1691.55
2020/04/29 00:00:00,7765.33,1703.35,1703.35
2020/04/30 00:00:00,8777.63,1702.75,1702.75
2020/05/01 00:00:00,8628.77,1686.25,1686.25
2020/05/02 00:00:00,8824.66,,1709.1
2020/05/03 00:00:00,8973.82,,1709.1
2020/05/04 00:00:00,8903.95,1709.1,1709.1
2020/05/05 00:00:00,8885.93,1699.55,1699.55
2020/05/06 00:00:00,9030.96,1691.5,1691.5
2020/05/07 00:00:00,9170.79,1704.05,1704.05
2020/05/08 00:00:00,10002.48,,1702.75
2020/05/09 00:00:00,9821.8,,1702.75
2020/05/10 00:00:00,9527.39,,1702.75
2020/05/11 00:00:00,8754.46,1702.75,1702.75
2020/05/12 00:00:00,8617.25,1702.4,1702.4
2020/05/13 00:00:00,8814.53,1708.4,1708.4
2020/05/14 00:00:00,9305.93,1731.6,1731.6
2020/05/15 00:00:00,9790.31,1735.35,1735.35
2020/05/16 00:00:00,9303.59,,1734.7
2020/05/17 00:00:00,9385.7,,1734.7
2020/05/18 00:00:00,9669.4,1734.7,1734.7
2020/05/19 00:00:00,9719.37,1737.95,1737.95
2020/05/20 00:00:00,9785.74,1748.3,1748.3
2020/05/21 00:00:00,9510.67,1724.9,1724.9
2020/05/22 00:00:00,9057.57,1733.55,1733.55
2020/05/23 00:00:00,9167.26,,1720.25
2020/05/24 00:00:00,9178.32,,1720.25
2020/05/25 00:00:00,8730.73,,1720.25
2020/05/26 00:00:00,8899.66,1720.25,1720.25
2020/05/27 00:00:00,8842.85,1694.6,1694.6
2020/05/28 00:00:00,9197.54,1717.35,1717.35
2020/05/29 00:00:00,9569.21,1728.7,1728.7
2020/05/30 00:00:00,9425.98,,1730.6
2020/05/31 00:00:00,9698.1,,1730.6
2020/06/01 00:00:00,9450.84,1730.6,1730.6
2020/06/02 00:00:00,10204.23,1742.15,1742.15
2020/06/03 00:00:00,9525.57,1705.35,1705.35
2020/06/04 00:00:00,9658.04,1700.05,1700.05
2020/06/05 00:00:00,9794.56,1683.45,1683.45
2020/06/06 00:00:00,9623.75,,1690.35
2020/06/07 00:00:00,9670.43,,1690.35
2020/06/08 00:00:00,9753.85,1690.35,1690.35
2020/06/09 00:00:00,9782.59,1713.5,1713.5
2020/06/10 00:00:00,9775.15,1722.05,1722.05
2020/06/11 00:00:00,9892.13,1738.25,1738.25
2020/06/12 00:00:00,9286.42,1733.5,1733.5
2020/06/13 00:00:00,9459.97,,1710.45
2020/06/14 00:00:00,9473.5,,1710.45
2020/06/15 00:00:00,9330.07,1710.45,1710.45
2020/06/16 00:00:00,9426.7,1719.85,1719.85
2020/06/17 00:00:00,9526.0,1724.35,1724.35
2020/06/18 00:00:00,9454.81,1719.5,1719.5
2020/06/19 00:00:00,9380.03,1734.75,1734.75
2020/06/20 00:00:00,9300.15,,1761.85
2020/06/21 00:00:00,9357.43,,1761.85
2020/06/22 00:00:00,9284.78,1761.85,1761.85
2020/06/23 00:00:00,9691.9,1768.9,1768.9
2020/06/24 00:00:00,9621.49,1766.05,1766.05
2020/06/25 00:00:00,9276.58,1756.55,1756.55
2020/06/26 00:00:00,9240.85,1747.6,1747.6
2020/06/27 00:00:00,9154.45,,1771.6
2020/06/28 00:00:00,9004.23,,1771.6
2020/06/29 00:00:00,9127.47,1771.6,1771.6
2020/06/30 00:00:00,9185.35,1768.1,1768.1
2020/07/01 00:00:00,9133.97,1771.05,1771.05
2020/07/02 00:00:00,9236.38,1777.45,1777.45
2020/07/03 00:00:00,9087.98,1772.9,1772.9
2020/07/04 00:00:00,9072.42,,1787.9
2020/07/05 00:00:00,9131.31,,1787.9
2020/07/06 00:00:00,9089.09,1787.9,1787.9
2020/07/07 00:00:00,9348.91,1789.55,1789.55
2020/07/08 00:00:00,9256.23,1811.1,1811.1
2020/07/09 00:00:00,9440.07,1812.1,1812.1
2020/07/10 00:00:00,9238.04,1803.1,1803.1
2020/07/11 00:00:00,9287.4,,1807.5
2020/07/12 00:00:00,9235.96,,1807.5
2020/07/13 00:00:00,9295.9,1807.5,1807.5
2020/07/14 00:00:00,9238.13,1801.9,1801.9
2020/07/15 00:00:00,9254.52,1804.6,1804.6
2020/07/16 00:00:00,9193.51,1807.7,1807.7
2020/07/17 00:00:00,9131.0,1807.35,1807.35
2020/07/18 00:00:00,9154.19,,1815.65
2020/07/19 00:00:00,9174.71,,1815.65
2020/07/20 00:00:00,9214.66,1815.65,1815.65
2020/07/21 00:00:00,9163.87,1842.55,1842.55
2020/07/22 00:00:00,9392.66,1852.4,1852.4
2020/07/23 00:00:00,9537.4,1878.3,1878.3
2020/07/24 00:00:00,9613.11,1902.1,1902.1
2020/07/25 00:00:00,9551.28,,1936.65
2020/07/26 00:00:00,9707.5,,1936.65
2020/07/27 00:00:00,9938.83,1936.65,1936.65
2020/07/28 00:00:00,11042.4,1940.9,1940.9
2020/07/29 00:00:00,10934.94,1950.9,1950.9
2020/07/30 00:00:00,11102.67,1957.65,1957.65
2020/07/31 00:00:00,11114.93,1964.9,1964.9
2020/08/01 00:00:00,11343.88,,1958.55
2020/08/02 00:00:00,11823.69,,1958.55
2020/08/03 00:00:00,11077.77,1958.55,1958.55
2020/08/04 00:00:00,11242.57,1977.9,1977.9
2020/08/05 00:00:00,11194.25,2048.15,2048.15
2020/08/06 00:00:00,11750.28,2067.15,2067.15
2020/08/07 00:00:00,11772.94,2031.15,2031.15
2020/08/08 00:00:00,11605.6,,2044.5
2020/08/09 00:00:00,11767.6,,2044.5
2020/08/10 00:00:00,11684.06,2044.5,2044.5
2020/08/11 00:00:00,11893.03,1939.65,1939.65
2020/08/12 00:00:00,11392.43,1931.9,1931.9
2020/08/13 00:00:00,11573.11,1944.25,1944.25
2020/08/14 00:00:00,11777.43,1944.75,1944.75
2020/08/15 00:00:00,11774.38,,1972.85
2020/08/16 00:00:00,11873.98,,1972.85
2020/08/17 00:00:00,11914.01,1972.85,1972.85
2020/08/18 00:00:00,12293.72,2008.75,2008.75
2020/08/19 00:00:00,11969.53,1981.0,1981.0
2020/08/20 00:00:00,11734.0,1927.15,1927.15
2020/08/21 00:00:00,11865.82,1924.35,1924.35
2020/08/22 00:00:00,11522.8,,1943.95
2020/08/23 00:00:00,11683.44,,1943.95
2020/08/24 00:00:00,11653.02,1943.95,1943.95
2020/08/25 00:00:00,11763.93,1911.15,1911.15
2020/08/26 00:00:00,11337.4,1932.95,1932.95
2020/08/27 00:00:00,11467.37,1923.85,1923.85
2020/08/28 00:00:00,11302.01,1957.35,1957.35
2020/08/29 00:00:00,11534.75,,1972.35
2020/08/30 00:00:00,11481.64,,1972.35
2020/08/31 00:00:00,11707.78,,1972.35
2020/09/01 00:00:00,11659.57,1972.35,1972.35
2020/09/02 00:00:00,11923.25,1947.05,1947.05
2020/09/03 00:00:00,11397.44,1940.45,1940.45
2020/09/04 00:00:00,10187.51,1926.3,1926.3
2020/09/05 00:00:00,10467.89,,1928.45
2020/09/06 00:00:00,10159.62,,1928.45
2020/09/07 00:00:00,10254.93,1928.45,1928.45
2020/09/08 00:00:00,10367.74,1910.95,1910.95
2020/09/09 00:00:00,10121.52,1947.2,1947.2
2020/09/10 00:00:00,10227.83,1966.25,1966.25
2020/09/11 00:00:00,10352.66,1947.4,1947.4
2020/09/12 00:00:00,10395.44,,1958.7
2020/09/13 00:00:00,10446.44,,1958.7
2020/09/14 00:00:00,10330.77,1958.7,1958.7
2020/09/15 00:00:00,10674.64,1949.35,1949.35
2020/09/16 00:00:00,10785.62,1961.8,1961.8
2020/09/17 00:00:00,10948.43,1936.25,1936.25
2020/09/18 00:00:00,10943.89,1950.85,1950.85
2020/09/19 00:00:00,10931.79,,1909.35
2020/09/20 00:00:00,11081.43,,1909.35
2020/09/21 00:00:00,10919.65,1909.35,1909.35
2020/09/22 00:00:00,10430.46,1906.0,1906.0
2020/09/23 00:00:00,10532.22,1873.4,1873.4
2020/09/24 00:00:00,10234.48,1861.75,1861.75
2020/09/25 00:00:00,10732.43,1859.7,1859.7
2020/09/26 00:00:00,10692.84,,1864.3
2020/09/27 00:00:00,10732.4,,1864.3
2020/09/28 00:00:00,10774.24,1864.3,1864.3
2020/09/29 00:00:00,10692.33,1883.95,1883.95
2020/09/30 00:00:00,10840.8,1886.9,1886.9
2020/10/01 00:00:00,10777.92,1902.0,1902.0
2020/10/02 00:00:00,10619.24,1903.05,1903.05
2020/10/03 00:00:00,10575.06,,1909.6
2020/10/04 00:00:00,10551.77,,1909.6
2020/10/05 00:00:00,10673.46,1909.6,1909.6
2020/10/06 00:00:00,10788.56,1913.4,1913.4
2020/10/07 00:00:00,10603.74,1884.5,1884.5
2020/10/08 00:00:00,10670.8,1887.45,1887.45
2020/10/09 00:00:00,10923.3,1923.25,1923.25
2020/10/10 00:00:00,11063.19,,1925.5
2020/10/11 00:00:00,11302.67,,1925.5
2020/10/12 00:00:00,11376.61,1925.5,1925.5
2020/10/13 00:00:00,11540.04,1891.3,1891.3
2020/10/14 00:00:00,11428.24,1910.05,1910.05
2020/10/15 00:00:00,11431.32,1891.9,1891.9
2020/10/16 00:00:00,11503.73,1905.05,1905.05
2020/10/17 00:00:00,11327.57,,1905.6
2020/10/18 00:00:00,11366.51,,1905.6
2020/10/19 00:00:00,11508.2,1905.6,1905.6
2020/10/20 00:00:00,11758.16,1898.4,1898.4
2020/10/21 00:00:00,11925.46,1924.15,1924.15
2020/10/22 00:00:00,12831.56,1900.95,1900.95
2020/10/23 00:00:00,12990.25,1903.65,1903.65
2020/10/24 00:00:00,12944.52,,1898.45
2020/10/25 00:00:00,13128.46,,1898.45
2020/10/26 00:00:00,13036.77,1898.45,1898.45
2020/10/27 00:00:00,13076.37,1905.7,1905.7
2020/10/28 00:00:00,13651.47,1869.95,1869.95
2020/10/29 00:00:00,13289.0,1870.3,1870.3
2020/10/30 00:00:00,13458.66,1881.85,1881.85
2020/10/31 00:00:00,13564.72,,1889.9
2020/11/01 00:00:00,13810.32,,1889.9
2020/11/02 00:00:00,13758.88,1889.9,1889.9
2020/11/03 00:00:00,13575.17,1908.3,1908.3
2020/11/04 00:00:00,14023.31,1900.15,1900.15
2020/11/05 00:00:00,14155.59,1938.45,1938.45
2020/11/06 00:00:00,15591.39,1940.8,1940.8
2020/11/07 00:00:00,15595.77,,1867.3
2020/11/08 00:00:00,14839.84,,1867.3
2020/11/09 00:00:00,15490.6,1867.3,1867.3
2020/11/10 00:00:00,15328.53,1878.7,1878.7
2020/11/11 00:00:00,15317.04,1860.95,1860.95
2020/11/12 00:00:00,15708.65,1874.85,1874.85
2020/11/13 00:00:00,16295.57,1890.9,1890.9
2020/11/14 00:00:00,16339.33,,1885.6
2020/11/15 00:00:00,16091.07,,1885.6
2020/11/16 00:00:00,15968.16,1885.6,1885.6
2020/11/17 00:00:00,16725.15,1889.05,1889.05
2020/11/18 00:00:00,17679.72,1876.1,1876.1
2020/11/19 00:00:00,17798.45,1857.35,1857.35
2020/11/20 00:00:00,17820.57,1875.7,1875.7
2020/11/21 00:00:00,18687.45,,1840.2
2020/11/22 00:00:00,18699.75,,1840.2
2020/11/23 00:00:00,18422.28,1840.2,1840.2
2020/11/24 00:00:00,18398.91,1799.6,1799.6
2020/11/25 00:00:00,19172.52,1810.2,1810.2
2020/11/26 00:00:00,18739.8,1807.4,1807.4
2020/11/27 00:00:00,17151.44,1779.3,1779.3
2020/11/28 00:00:00,17138.87,,1762.55
2020/11/29 00:00:00,17732.42,,1762.55
2020/11/30 00:00:00,18191.6,1762.55,1762.55
2020/12/01 00:00:00,19709.73,1810.75,1810.75
2020/12/02 00:00:00,18792.52,1822.6,1822.6
2020/12/03 00:00:00,19226.97,1832.35,1832.35
2020/12/04 00:00:00,19454.54,1843.0,1843.0
2020/12/05 00:00:00,18670.49,,1859.95
2020/12/06 00:00:00,19155.06,,1859.95
2020/12/07 00:00:00,19377.66,1859.95,1859.95
2020/12/08 00:00:00,19181.41,1868.15,1868.15
2020/12/09 00:00:00,18318.87,1841.75,1841.75
2020/12/10 00:00:00,18554.15,1844.35,1844.35
2020/12/11 00:00:00,18247.76,1842.0,1842.0
2020/12/12 00:00:00,18029.36,,1831.15
2020/12/13 00:00:00,18803.44,,1831.15
2020/12/14 00:00:00,19164.48,1831.15,1831.15
2020/12/15 00:00:00,19276.59,1850.65,1850.65
2020/12/16 00:00:00,19439.75,1851.95,1851.95
2020/12/17 00:00:00,21379.48,1890.75,1890.75
2020/12/18 00:00:00,22847.46,1879.75,1879.75
2020/12/19 00:00:00,23150.79,,1880.0
2020/12/20 00:00:00,23869.92,,1880.0
2020/12/21 00:00:00,23490.58,1880.0,1880.0
2020/12/22 00:00:00,22745.48,1877.1,1877.1
2020/12/23 00:00:00,23824.99,1875.0,1875.0
2020/12/24 00:00:00,23253.37,,1874.3
2020/12/25 00:00:00,23715.53,,1874.3
2020/12/26 00:00:00,24693.58,,1874.3
2020/12/27 00:00:00,26443.21,,1874.3
2020/12/28 00:00:00,26246.58,,1874.3
2020/12/29 00:00:00,27036.69,1874.3,1874.3
2020/12/30 00:00:00,27376.37,1887.6,1887.6
2020/12/31 00:00:00,28856.59,,1943.2
2021/01/01 00:00:00,28982.56,,1943.2
2021/01/02 00:00:00,29393.75,,1943.2
2021/01/03 00:00:00,32195.46,,1943.2
2021/01/04 00:00:00,33000.78,1943.2,1943.2
2021/01/05 00:00:00,32035.03,1940.35,1940.35
2021/01/06 00:00:00,34046.67,1931.95,1931.95
2021/01/07 00:00:00,36860.41,1920.1,1920.1
2021/01/08 00:00:00,39486.04,1862.9,1862.9
2021/01/09 00:00:00,40670.25,,1847.25
2021/01/10 00:00:00,40240.72,,1847.25
2021/01/11 00:00:00,38240.09,1847.25,1847.25
2021/01/12 00:00:00,35544.94,1841.25,1841.25
2021/01/13 00:00:00,34011.82,1858.85,1858.85
2021/01/14 00:00:00,37393.13,1841.75,1841.75
2021/01/15 00:00:00,39158.47,1839.0,1839.0
2021/01/16 00:00:00,36828.52,,1833.05
2021/01/17 00:00:00,36065.2,,1833.05
2021/01/18 00:00:00,35793.01,1833.05,1833.05
2021/01/19 00:00:00,36632.35,1834.7,1834.7
2021/01/20 00:00:00,36020.13,1856.6,1856.6
2021/01/21 00:00:00,35538.98,1862.1,1862.1
2021/01/22 00:00:00,30797.88,1852.7,1852.7
2021/01/23 00:00:00,33002.38,,1856.85
2021/01/24 00:00:00,32099.74,,1856.85
2021/01/25 00:00:00,32276.84,1856.85,1856.85
2021/01/26 00:00:00,32243.26,1856.6,1856.6
2021/01/27 00:00:00,32541.8,1843.0,1843.0
2021/01/28 00:00:00,30419.17,1853.7,1853.7
2021/01/29 00:00:00,33403.17,1863.8,1863.8
2021/01/30 00:00:00,34314.26,,1862.95
2021/01/31 00:00:00,34318.1,,1862.95
2021/02/01 00:00:00,33136.46,1862.95,1862.95
2021/02/02 00:00:00,33522.9,1833.1,1833.1
2021/02/03 00:00:00,35529.66,1835.45,1835.45
2021/02/04 00:00:00,37676.25,1785.9,1785.9
2021/02/05 00:00:00,37002.09,1802.95,1802.95
2021/02/06 00:00:00,38278.61,,1835.25
2021/02/07 00:00:00,39323.26,,1835.25
2021/02/08 00:00:00,38928.1,1835.25,1835.25
2021/02/09 00:00:00,46364.3,1839.6,1839.6
2021/02/10 00:00:00,46589.58,1842.65,1842.65
2021/02/11 00:00:00,44878.17,1840.1,1840.1
2021/02/12 00:00:00,48013.38,1816.35,1816.35
2021/02/13 00:00:00,47471.4,,1817.3
2021/02/14 00:00:00,47185.19,,1817.3
2021/02/15 00:00:00,48720.37,1817.3,1817.3
2021/02/16 00:00:00,47951.85,1794.25,1794.25
2021/02/17 00:00:00,49160.1,1780.7,1780.7
2021/02/18 00:00:00,52118.23,1773.15,1773.15
2021/02/19 00:00:00,51608.15,1786.2,1786.2
2021/02/20 00:00:00,55916.5,,1807.45
2021/02/21 00:00:00,56001.2,,1807.45
2021/02/22 00:00:00,57487.86,1807.45,1807.45
2021/02/23 00:00:00,54123.4,1799.65,1799.65
2021/02/24 00:00:00,48880.43,1788.0,1788.0
2021/02/25 00:00:00,50624.84,1779.65,1779.65
2021/02/26 00:00:00,46800.42,1742.85,1742.85
2021/02/27 00:00:00,46340.31,,1734.15
2021/02/28 00:00:00,46155.87,,1734.15
2021/03/01 00:00:00,45113.92,1734.15,1734.15
2021/03/02 00:00:00,49618.43,1723.85,1723.85
2021/03/03 00:00:00,48356.04,1711.4,1711.4
2021/03/04 00:00:00,50477.7,1712.1,1712.1
2021/03/05 00:00:00,48448.91,1696.25,1696.25
2021/03/06 00:00:00,48861.38,,1687.05
2021/03/07 00:00:00,48881.59,,1687.05
2021/03/08 00:00:00,51169.7,1687.05,1687.05
2021/03/09 00:00:00,52299.33,1716.9,1716.9
2021/03/10 00:00:00,54881.52,1716.2,1716.2
2021/03/11 00:00:00,55997.23,1724.25,1724.25
2021/03/12 00:00:00,57764.0,1704.8,1704.8
2021/03/13 00:00:00,57253.28,,1723.65
2021/03/14 00:00:00,61258.73,,1723.65
2021/03/15 00:00:00,59133.47,1723.65,1723.65
2021/03/16 00:00:00,55754.72,1735.0,1735.0
2021/03/17 00:00:00,56872.38,1729.65,1729.65
2021/03/18 00:00:00,58913.0,1725.9,1725.9
2021/03/19 00:00:00,57665.9,1735.2,1735.2
2021/03/20 00:00:00,58075.1,,1736.15
2021/03/21 00:00:00,58085.8,,1736.15
2021/03/22 00:00:00,57411.17,1736.15,1736.15
2021/03/23 00:00:00,54204.96,1726.2,1726.2
2021/03/24 00:00:00,54477.46,1730.5,1730.5
2021/03/25 00:00:00,52508.23,1737.3,1737.3
2021/03/26 00:00:00,51415.92,1731.8,1731.8
2021/03/27 00:00:00,55074.47,,1705.95
2021/03/28 00:00:00,55863.93,,1705.95
2021/03/29 00:00:00,55783.71,1705.95,1705.95
2021/03/30 00:00:00,57627.67,1683.95,1683.95
2021/03/31 00:00:00,58730.13,1691.05,1691.05
2021/04/01 00:00:00,58735.25,1726.05,1726.05
2021/04/02 00:00:00,58736.92,,1744.65
2021/04/03 00:00:00,59031.32,,1744.65
2021/04/04 00:00:00,57076.49,,1744.65
2021/04/05 00:00:00,58206.55,,1744.65
2021/04/06 00:00:00,59054.1,1744.65,1744.65
2021/04/07 00:00:00,58020.46,1738.05,1738.05
2021/04/08 00:00:00,55947.27,1755.5,1755.5
2021/04/09 00:00:00,58048.59,1741.2,1741.2
2021/04/10 00:00:00,58102.58,,1732.85
2021/04/11 00:00:00,59774.0,,1732.85
2021/04/12 00:00:00,59964.87,1732.85,1732.85
2021/04/13 00:00:00,59834.74,1747.95,1747.95
2021/04/14 00:00:00,63554.44,1735.55,1735.55
2021/04/15 00:00:00,62969.12,1757.2,1757.2
2021/04/16 00:00:00,63252.63,1774.45,1774.45
2021/04/17 00:00:00,61455.98,,1774.5
2021/04/18 00:00:00,60087.09,,1774.5
2021/04/19 00:00:00,56251.48,1774.5,1774.5
2021/04/20 00:00:00,55703.14,1777.85,1777.85
2021/04/21 00:00:00,56507.91,1798.2,1798.2
2021/04/22 00:00:00,53808.8,1787.75,1787.75
2021/04/23 00:00:00,51731.71,1781.8,1781.8
2021/04/24 00:00:00,51153.13,,1773.35
2021/04/25 00:00:00,50110.53,,1773.35
2021/04/26 00:00:00,49075.58,1773.35,1773.35
2021/04/27 00:00:00,54056.64,1784.15,1784.15
2021/04/28 00:00:00,55071.46,1772.2,1772.2
2021/04/29 00:00:00,54884.1,1762.65,1762.65
2021/04/30 00:00:00,53584.15,1767.65,1767.65
2021/05/01 00:00:00,57796.62,,1797.75
2021/05/02 00:00:00,57857.5,,1797.75
2021/05/03 00:00:00,56610.46,,1797.75
2021/05/04 00:00:00,57213.33,1797.75,1797.75
2021/05/05 00:00:00,53241.72,1782.25,1782.25
2021/05/06 00:00:00,57473.23,1813.15,1813.15
2021/05/07 00:00:00,56428.16,1836.55,1836.55
2021/05/08 00:00:00,57380.27,,1840.45
2021/05/09 00:00:00,58928.81,,1840.45
2021/05/10 00:00:00,58280.73,1840.45,1840.45
2021/05/11 00:00:00,55883.5,1829.1,1829.1
2021/05/12 00:00:00,56750.0,1830.7,1830.7
2021/05/13 00:00:00,49007.09,1821.8,1821.8
2021/05/14 00:00:00,49702.27,1838.1,1838.1
2021/05/15 00:00:00,49922.52,,1853.7
2021/05/16 00:00:00,46736.58,,1853.7
2021/05/17 00:00:00,46441.64,1853.7,1853.7
2021/05/18 00:00:00,43596.24,1866.75,1866.75
2021/05/19 00:00:00,42912.19,1888.45,1888.45
2021/05/20 00:00:00,36964.27,1878.3,1878.3
2021/05/21 00:00:00,40784.32,1875.9,1875.9
2021/05/22 00:00:00,37280.35,,1880.15
2021/05/23 00:00:00,37528.3,,1880.15
2021/05/24 00:00:00,34754.54,1880.15,1880.15
2021/05/25 00:00:00,38728.59,1887.0,1887.0
2021/05/26 00:00:00,38410.5,1899.75,1899.75
2021/05/27 00:00:00,39266.04,1891.45,1891.45
2021/05/28 00:00:00,38445.29,1899.95,1899.95
2021/05/29 00:00:00,35689.62,,1899.35
2021/05/30 00:00:00,34647.67,,1899.35
2021/05/31 00:00:00,35684.59,,1899.35
2021/06/01 00:00:00,37310.54,1899.35,1899.35
2021/06/02 00:00:00,36662.64,1902.75,1902.75
2021/06/03 00:00:00,37585.24,1866.55,1866.55
2021/06/04 00:00:00,39188.59,1890.6,1890.6
2021/06/05 00:00:00,36885.51,,1888.4
2021/06/06 00:00:00,35530.38,,1888.4
2021/06/07 00:00:00,35816.17,1888.4,1888.4
2021/06/08 00:00:00,33514.87,1893.15,1893.15
2021/06/09 00:00:00,33450.19,1894.6,1894.6
2021/06/10 00:00:00,37338.36,1888.65,1888.65
2021/06/11 00:00:00,36704.57,1881.05,1881.05
2021/06/12 00:00:00,37313.18,,1865.6
2021/06/13 00:00:00,35494.9,,1865.6
2021/06/14 00:00:00,39066.82,1865.6,1865.6
2021/06/15 00:00:00,40525.8,1865.1,1865.1
2021/06/16 00:00:00,40188.56,1860.75,1860.75
2021/06/17 00:00:00,38324.87,1778.7,1778.7
2021/06/18 00:00:00,38068.04,1773.1,1773.1
2021/06/19 00:00:00,35729.82,,1775.05
2021/06/20 00:00:00,35524.17,,1775.05
2021/06/21 00:00:00,35592.35,1775.05,1775.05
2021/06/22 00:00:00,31686.55,1775.05,1775.05
2021/06/23 00:00:00,32447.59,1791.6,1791.6
2021/06/24 00:00:00,33674.66,1784.85,1784.85
2021/06/25 00:00:00,34639.38,1786.65,1786.65
2021/06/26 00:00:00,31640.58,,1780.3
2021/06/27 00:00:00,32160.91,,1780.3
2021/06/28 00:00:00,34644.45,1780.3,1780.3
2021/06/29 00:00:00,34456.67,1755.45,1755.45
2021/06/30 00:00:00,35847.7,1763.15,1763.15
2021/07/01 00:00:00,35047.36,1781.5,1781.5
2021/07/02 00:00:00,33536.88,1786.15,1786.15
2021/07/03 00:00:00,33856.86,,1791.35
2021/07/04 00:00:00,34688.98,,1791.35
2021/07/05 00:00:00,35309.3,1791.35,1791.35
2021/07/06 00:00:00,33747.97,1809.85,1809.85
2021/07/07 00:00:00,34211.01,1804.65,1804.65
2021/07/08 00:00:00,33839.04,1807.7,1807.7
2021/07/09 00:00:00,32877.41,1806.0,1806.0
2021/07/10 00:00:00,33818.52,,1792.4
2021/07/11 00:00:00,33515.57,,1792.4
2021/07/12 00:00:00,34227.64,1792.4,1792.4
2021/07/13 00:00:00,33158.25,1813.85,1813.85
2021/07/14 00:00:00,32686.56,1823.2,1823.2
2021/07/15 00:00:00,32814.61,1823.75,1823.75
2021/07/16 00:00:00,31738.59,1824.3,1824.3
2021/07/17 00:00:00,31421.25,,1814.9
2021/07/18 00:00:00,31520.66,,1814.9
2021/07/19 00:00:00,31783.49,1814.9,1814.9
2021/07/20 00:00:00,30815.94,1823.05,1823.05
2021/07/21 00:00:00,29790.24,1802.15,1802.15
2021/07/22 00:00:00,32118.06,1799.45,1799.45
2021/07/23 00:00:00,32297.89,1799.6,1799.6
2021/07/24 00:00:00,33581.63,,1800.2
2021/07/25 00:00:00,34279.34,,1800.2
2021/07/26 00:00:00,35365.2,1800.2,1800.2
2021/07/27 00:00:00,37318.14,1800.35,1800.35
2021/07/28 00:00:00,39405.95,1796.6,1796.6
2021/07/29 00:00:00,40002.53,1829.3,1829.3
2021/07/30 00:00:00,40005.93,1825.75,1825.75
2021/07/31 00:00:00,42214.15,,1811.45
2021/08/01 00:00:00,41659.06,,1811.45
2021/08/02 00:00:00,40000.46,1811.45,1811.45
2021/08/03 00:00:00,39193.94,1812.65,1812.65
2021/08/04 00:00:00,38138.0,1829.1,1829.1
2021/08/05 00:00:00,39750.14,1800.75,1800.75
2021/08/06 00:00:00,40882.0,1762.9,1762.9
2021/08/07 00:00:00,42825.95,,1738.85
2021/08/08 00:00:00,44634.13,,1738.85
2021/08/09 00:00:00,43816.14,1738.85,1738.85
2021/08/10 00:00:00,46333.46,1723.35,1723.35
2021/08/11 00:00:00,45608.37,1743.6,1743.6
2021/08/12 00:00:00,45611.46,1747.4,1747.4
2021/08/13 00:00:00,44417.78,1773.85,1773.85
2021/08/14 00:00:00,47833.98,,1786.35
2021/08/15 00:00:00,47112.19,,1786.35
2021/08/16 00:00:00,47056.41,1786.35,1786.35
2021/08/17 00:00:00,45982.55,1789.45,1789.45
2021/08/18 00:00:00,44648.57,1783.45,1783.45
2021/08/19 00:00:00,44777.86,1782.05,1782.05
2021/08/20 00:00:00,46734.65,1779.05,1779.05
2021/08/21 00:00:00,49327.75,,1802.0
2021/08/22 00:00:00,48932.02,,1802.0
2021/08/23 00:00:00,49335.68,1802.0,1802.0
2021/08/24 00:00:00,49523.5,1808.45,1808.45
2021/08/25 00:00:00,47744.58,1788.7,1788.7
2021/08/26 00:00:00,48972.09,1786.6,1786.6
2021/08/27 00:00:00,46962.8,1798.5,1798.5
2021/08/28 00:00:00,49056.86,,1814.85
2021/08/29 00:00:00,48897.65,,1814.85
2021/08/30 00:00:00,48806.78,,1814.85
2021/08/31 00:00:00,47074.77,1814.85,1814.85
2021/09/01 00:00:00,47155.87,1811.8,1811.8
2021/09/02 00:00:00,48862.76,1812.55,1812.55
2021/09/03 00:00:00,49329.01,1823.7,1823.7
2021/09/04 00:00:00,50035.33,,1821.6
2021/09/05 00:00:00,49947.38,,1821.6
2021/09/06 00:00:00,51769.06,1821.6,1821.6
2021/09/07 00:00:00,52677.4,1802.15,1802.15
2021/09/08 00:00:00,46809.17,1786.0,1786.0
2021/09/09 00:00:00,46078.38,1788.25,1788.25
2021/09/10 00:00:00,46368.69,1794.6,1794.6
