NOC,Year,Total_Medals,Gold_Medals
AFG,1936,0,0
AFG,1948,0,0
AFG,1960,0,0
AFG,1964,0,0
AFG,1968,0,0
AFG,1972,0,0
AFG,1980,0,0
AFG,1988,0,0
AFG,1996,0,0
AFG,2004,0,0
AFG,2008,1,0
AFG,2012,1,0
AFG,2016,0,0
AFG,2020,0,0
AFG,2024,0,0
AHO,1952,0,0
AHO,1960,0,0
AHO,1964,0,0
AHO,1968,0,0
AHO,1972,0,0
AHO,1976,0,0
AHO,1984,0,0
AHO,1988,1,0
AHO,1992,0,0
AHO,1996,0,0
AHO,2000,0,0
AHO,2004,0,0
AHO,2008,0,0
AIN,2024,6,1
ALB,1972,0,0
ALB,1992,0,0
ALB,1996,0,0
ALB,2000,0,0
ALB,2004,0,0
ALB,2008,0,0
ALB,2012,0,0
ALB,2016,0,0
ALB,2020,0,0
ALB,2024,2,0
ALG,1964,0,0
ALG,1968,0,0
ALG,1972,0,0
ALG,1980,0,0
ALG,1984,2,0
ALG,1988,0,0
ALG,1992,2,1
ALG,1996,3,2
ALG,2000,5,1
ALG,2004,0,0
ALG,2008,2,0
ALG,2012,1,1
ALG,2016,2,0
ALG,2020,0,0
ALG,2024,3,2
AND,1976,0,0
AND,1980,0,0
AND,1984,0,0
AND,1988,0,0
AND,1992,0,0
AND,1996,0,0
AND,2000,0,0
AND,2004,0,0
AND,2008,0,0
AND,2012,0,0
AND,2016,0,0
AND,2020,0,0
AND,2024,0,0
ANG,1980,0,0
ANG,1988,0,0
ANG,1992,0,0
ANG,1996,0,0
ANG,2000,0,0
ANG,2004,0,0
ANG,2008,0,0
ANG,2012,0,0
ANG,2016,0,0
ANG,2020,0,0
ANG,2024,0,0
ANT,1976,0,0
ANT,1984,0,0
ANT,1988,0,0
ANT,1992,0,0
ANT,1996,0,0
ANT,2000,0,0
ANT,2004,0,0
ANT,2008,0,0
ANT,2012,0,0
ANT,2016,0,0
ANT,2020,0,0
ANT,2024,0,0
ANZ,1908,17,15
ANZ,1912,1,0
ARG,1900,0,0
ARG,1920,0,0
ARG,1924,5,0
ARG,1928,25,2
ARG,1932,4,3
ARG,1936,6,1
ARG,1948,11,3
ARG,1952,6,2
ARG,1956,2,0
ARG,1960,4,0
ARG,1964,1,0
ARG,1968,2,0
ARG,1972,1,0
ARG,1976,0,0
ARG,1984,0,0
ARG,1988,13,0
ARG,1992,2,0
ARG,1996,20,0
ARG,2000,4,0
ARG,2004,32,28
ARG,2008,35,20
ARG,2012,4,1
ARG,2016,4,3
ARG,2020,25,0
ARG,2024,3,1
ARM,1996,2,1
ARM,2000,1,0
ARM,2004,0,0
ARM,2008,6,0
ARM,2012,3,0
ARM,2016,4,1
ARM,2020,4,0
ARM,2024,4,0
ARU,1988,0,0
ARU,1992,0,0
ARU,1996,0,0
ARU,2000,0,0
ARU,2004,0,0
ARU,2008,0,0
ARU,2012,0,0
ARU,2016,0,0
ARU,2020,0,0
ARU,2024,0,0
ASA,1988,0,0
ASA,1992,0,0
ASA,1996,0,0
ASA,2000,0,0
ASA,2004,0,0
ASA,2008,0,0
ASA,2012,0,0
ASA,2016,0,0
ASA,2020,0,0
ASA,2024,0,0
AUS,1896,3,2
AUS,1900,4,1
AUS,1904,0,0
AUS,1906,2,0
AUS,1920,1,0
AUS,1924,1,1
AUS,1928,2,1
AUS,1932,3,2
AUS,1936,1,0
AUS,1948,12,2
AUS,1952,19,6
AUS,1956,42,9
AUS,1960,12,6
AUS,1964,10,4
AUS,1968,19,2
AUS,1972,10,5
AUS,1976,7,0
AUS,1980,2,0
AUS,1984,32,6
AUS,1988,16,1
AUS,1992,32,13
AUS,1996,60,14
AUS,2000,72,16
AUS,2004,62,15
AUS,2008,47,11
AUS,2012,52,11
AUS,2016,48,16
AUS,2020,54,13
AUS,2024,47,13
AUT,1896,3,1
AUT,1900,2,0
AUT,1904,3,2
AUT,1906,6,2
AUT,1908,0,0
AUT,1912,10,0
AUT,1924,4,0
AUT,1928,4,2
AUT,1932,5,1
AUT,1936,50,5
AUT,1948,4,1
AUT,1952,3,0
AUT,1956,4,0
AUT,1960,3,1
AUT,1964,0,0
AUT,1968,5,0
AUT,1972,3,0
AUT,1976,1,0
AUT,1980,5,1
AUT,1984,3,1
AUT,1988,1,1
AUT,1992,6,0
AUT,1996,3,0
AUT,2000,4,3
AUT,2004,6,3
AUT,2008,2,0
AUT,2012,0,0
AUT,2016,2,0
AUT,2020,6,1
AUT,2024,6,3
AZE,1996,1,0
AZE,2000,3,2
AZE,2004,5,1
AZE,2008,7,1
AZE,2012,10,2
AZE,2016,18,1
AZE,2020,5,0
AZE,2024,7,2
BAH,1952,0,0
BAH,1956,2,0
BAH,1960,0,0
BAH,1964,2,2
BAH,1968,0,0
BAH,1972,0,0
BAH,1976,0,0
BAH,1984,0,0
BAH,1988,0,0
BAH,1992,1,0
BAH,1996,5,0
BAH,2000,11,6
BAH,2004,2,1
BAH,2008,7,0
BAH,2012,4,4
BAH,2016,6,1
BAH,2020,2,2
BAH,2024,0,0
BAN,1984,0,0
BAN,1988,0,0
BAN,1992,0,0
BAN,1996,0,0
BAN,2000,0,0
BAN,2004,0,0
BAN,2008,0,0
BAN,2012,0,0
BAN,2016,0,0
BAN,2020,0,0
BAN,2024,0,0
BAR,1968,0,0
BAR,1972,0,0
BAR,1976,0,0
BAR,1984,0,0
BAR,1988,0,0
BAR,1992,0,0
BAR,1996,0,0
BAR,2000,1,0
BAR,2004,0,0
BAR,2008,0,0
BAR,2012,0,0
BAR,2016,0,0
BAR,2020,0,0
BAR,2024,0,0
BDI,1996,1,1
BDI,2000,0,0
BDI,2004,0,0
BDI,2008,0,0
BDI,2012,0,0
BDI,2016,1,0
BDI,2020,0,0
BDI,2024,0,0
BEL,1900,33,6
BEL,1906,11,2
BEL,1908,26,1
BEL,1912,10,7
BEL,1920,151,55
BEL,1924,27,3
BEL,1928,5,0
BEL,1932,0,0
BEL,1936,4,0
BEL,1948,15,5
BEL,1952,8,5
BEL,1956,2,0
BEL,1960,4,0
BEL,1964,3,2
BEL,1968,3,0
BEL,1972,2,0
BEL,1976,9,0
BEL,1980,1,1
BEL,1984,4,1
BEL,1988,2,0
BEL,1992,3,0
BEL,1996,5,1
BEL,2000,7,0
BEL,2004,3,1
BEL,2008,5,1
BEL,2012,3,0
BEL,2016,4,2
BEL,2020,9,2
BEL,2024,9,3
BEN,1972,0,0
BEN,1980,0,0
BEN,1984,0,0
BEN,1988,0,0
BEN,1992,0,0
BEN,1996,0,0
BEN,2000,0,0
BEN,2004,0,0
BEN,2008,0,0
BEN,2012,0,0
BEN,2016,0,0
BEN,2020,0,0
BEN,2024,0,0
BER,1948,0,0
BER,1952,0,0
BER,1956,0,0
BER,1960,0,0
BER,1964,0,0
BER,1968,0,0
BER,1972,0,0
BER,1976,1,0
BER,1984,0,0
BER,1988,0,0
BER,1992,0,0
BER,1996,0,0
BER,2000,0,0
BER,2004,0,0
BER,2008,0,0
BER,2012,0,0
BER,2016,0,0
BER,2020,1,1
BER,2024,0,0
BHU,1984,0,0
BHU,1988,0,0
BHU,1992,0,0
BHU,1996,0,0
BHU,2000,0,0
BHU,2004,0,0
BHU,2008,0,0
BHU,2012,0,0
BHU,2016,0,0
BHU,2020,0,0
BHU,2024,0,0
BIH,1992,0,0
BIH,1996,0,0
BIH,2000,0,0
BIH,2004,0,0
BIH,2008,0,0
BIH,2012,0,0
BIH,2016,0,0
BIH,2020,0,0
BIH,2024,0,0
BIZ,1968,0,0
BIZ,1972,0,0
BIZ,1976,0,0
BIZ,1984,0,0
BIZ,1988,0,0
BIZ,1992,0,0
BIZ,1996,0,0
BIZ,2000,0,0
BIZ,2004,0,0
BIZ,2008,0,0
BIZ,2012,0,0
BIZ,2016,0,0
BIZ,2020,0,0
BIZ,2024,0,0
BLR,1996,23,1
BLR,2000,22,3
BLR,2004,15,2
BLR,2008,29,8
BLR,2012,21,3
BLR,2016,10,0
BLR,2020,6,1
BOH,1900,3,0
BOH,1906,3,0
BOH,1908,6,0
BOH,1912,0,0
BOL,1964,0,0
BOL,1968,0,0
BOL,1972,0,0
BOL,1976,0,0
BOL,1984,0,0
BOL,1988,0,0
BOL,1992,0,0
BOL,1996,0,0
BOL,2000,0,0
BOL,2004,0,0
BOL,2008,0,0
BOL,2012,0,0
BOL,2016,0,0
BOL,2020,0,0
BOL,2024,0,0
BOT,1980,0,0
BOT,1984,0,0
BOT,1988,0,0
BOT,1992,0,0
BOT,1996,0,0
BOT,2000,0,0
BOT,2004,0,0
BOT,2008,0,0
BOT,2012,1,0
BOT,2016,0,0
BOT,2020,6,0
BOT,2024,7,1
BRA,1900,0,0
BRA,1920,7,1
BRA,1924,0,0
BRA,1932,0,0
BRA,1936,0,0
BRA,1948,10,0
BRA,1952,2,1
BRA,1956,1,1
BRA,1960,12,0
BRA,1964,12,0
BRA,1968,4,0
BRA,1972,2,0
BRA,1976,3,0
BRA,1980,5,4
BRA,1984,35,1
BRA,1988,23,1
BRA,1992,13,13
BRA,1996,60,5
BRA,2000,44,0
BRA,2004,40,18
BRA,2008,76,13
BRA,2012,57,14
BRA,2016,49,36
BRA,2020,51,27
BRA,2024,66,4
BRN,1984,0,0
BRN,1988,0,0
BRN,1992,0,0
BRN,1996,0,0
BRN,2000,0,0
BRN,2004,0,0
BRN,2008,0,0
BRN,2012,1,0
BRN,2016,2,1
BRN,2020,1,0
BRN,2024,4,2
BRU,1996,0,0
BRU,2000,0,0
BRU,2004,0,0
BRU,2012,0,0
BRU,2016,0,0
BRU,2020,0,0
BRU,2024,0,0
BUL,1924,0,0
BUL,1928,0,0
BUL,1936,0,0
BUL,1952,1,0
BUL,1956,18,1
BUL,1960,7,1
BUL,1964,10,3
BUL,1968,26,2
BUL,1972,22,6
BUL,1976,39,8
BUL,1980,90,8
BUL,1988,38,9
BUL,1992,17,3
BUL,1996,21,3
BUL,2000,13,5
BUL,2004,17,2
BUL,2008,5,1
BUL,2012,2,0
BUL,2016,7,0
BUL,2020,9,6
BUL,2024,7,3
BUR,1972,0,0
BUR,1988,0,0
BUR,1992,0,0
BUR,1996,0,0
BUR,2000,0,0
BUR,2004,0,0
BUR,2008,0,0
BUR,2012,0,0
BUR,2016,0,0
BUR,2020,1,0
BUR,2024,0,0
CAF,1968,0,0
CAF,1984,0,0
CAF,1988,0,0
CAF,1992,0,0
CAF,1996,0,0
CAF,2000,0,0
CAF,2004,0,0
CAF,2008,0,0
CAF,2012,0,0
CAF,2016,0,0
CAF,2020,0,0
CAF,2024,0,0
CAM,1956,0,0
CAM,1964,0,0
CAM,1972,0,0
CAM,1996,0,0
CAM,2000,0,0
CAM,2004,0,0
CAM,2008,0,0
CAM,2012,0,0
CAM,2016,0,0
CAM,2020,0,0
CAM,2024,0,0
CAN,1900,2,1
CAN,1904,24,15
CAN,1906,2,1
CAN,1908,40,2
CAN,1912,6,1
CAN,1920,6,2
CAN,1924,20,0
CAN,1928,29,7
CAN,1932,38,2
CAN,1936,22,1
CAN,1948,6,0
CAN,1952,4,1
CAN,1956,18,5
CAN,1960,9,0
CAN,1964,5,2
CAN,1968,3,3
CAN,1972,3,0
CAN,1976,3,0
CAN,1984,67,14
CAN,1988,10,1
CAN,1992,35,25
CAN,1996,37,8
CAN,2000,17,4
CAN,2004,13,3
CAN,2008,30,11
CAN,2012,47,0
CAN,2016,50,2
CAN,2020,50,35
CAN,2024,44,10
CAY,1976,0,0
CAY,1984,0,0
CAY,1988,0,0
CAY,1992,0,0
CAY,1996,0,0
CAY,2000,0,0
CAY,2004,0,0
CAY,2008,0,0
CAY,2012,0,0
CAY,2016,0,0
CAY,2020,0,0
CAY,2024,0,0
CGO,1964,0,0
CGO,1972,0,0
CGO,1980,0,0
CGO,1984,0,0
CGO,1988,0,0
CGO,1992,0,0
CGO,1996,0,0
CGO,2000,0,0
CGO,2004,0,0
CGO,2008,0,0
CGO,2012,0,0
CGO,2016,0,0
CGO,2020,0,0
CGO,2024,0,0
CHA,1964,0,0
CHA,1968,0,0
CHA,1972,0,0
CHA,1984,0,0
CHA,1988,0,0
CHA,1992,0,0
CHA,1996,0,0
CHA,2000,0,0
CHA,2004,0,0
CHA,2008,0,0
CHA,2012,0,0
CHA,2016,0,0
CHA,2020,0,0
CHA,2024,0,0
CHI,1912,0,0
CHI,1920,0,0
CHI,1924,0,0
CHI,1928,1,0
CHI,1936,0,0
CHI,1948,0,0
CHI,1952,4,0
CHI,1956,4,0
CHI,1960,0,0
CHI,1964,0,0
CHI,1968,0,0
CHI,1972,0,0
CHI,1976,0,0
CHI,1984,0,0
CHI,1988,1,0
CHI,1992,0,0
CHI,1996,0,0
CHI,2000,17,0
CHI,2004,4,3
CHI,2008,1,0
CHI,2012,0,0
CHI,2016,0,0
CHI,2020,0,0
CHI,2024,2,1
CHN,1932,0,0
CHN,1936,0,0
CHN,1948,0,0
CHN,1984,71,23
CHN,1988,42,4
CHN,1992,64,11
CHN,1996,74,15
CHN,2000,65,32
CHN,2004,75,42
CHN,2008,127,60
CHN,2012,81,40
CHN,2016,79,35
CHN,2020,94,39
CHN,2024,85,38
CIV,1964,0,0
CIV,1968,0,0
CIV,1972,0,0
CIV,1976,0,0
CIV,1984,1,0
CIV,1988,0,0
CIV,1992,0,0
CIV,1996,0,0
CIV,2000,0,0
CIV,2004,0,0
CIV,2008,0,0
CIV,2012,0,0
CIV,2016,2,1
CIV,2020,1,0
CIV,2024,1,0
CMR,1964,0,0
CMR,1968,1,0
CMR,1972,0,0
CMR,1976,0,0
CMR,1980,0,0
CMR,1984,1,0
CMR,1988,0,0
CMR,1992,0,0
CMR,1996,0,0
CMR,2000,18,18
CMR,2004,1,1
CMR,2008,1,1
CMR,2012,0,0
CMR,2016,0,0
CMR,2020,0,0
CMR,2024,0,0
COD,1968,0,0
COD,1984,0,0
COD,1988,0,0
COD,1992,0,0
COD,1996,0,0
COD,2000,0,0
COD,2004,0,0
COD,2008,0,0
COD,2012,0,0
COD,2016,0,0
COD,2020,0,0
COD,2024,0,0
COK,1988,0,0
COK,1992,0,0
COK,1996,0,0
COK,2000,0,0
COK,2004,0,0
COK,2008,0,0
COK,2012,0,0
COK,2016,0,0
COK,2020,0,0
COK,2024,0,0
COL,1932,0,0
COL,1936,0,0
COL,1948,0,0
COL,1956,0,0
COL,1960,0,0
COL,1964,0,0
COL,1968,0,0
COL,1972,3,0
COL,1976,0,0
COL,1980,0,0
COL,1984,1,0
COL,1988,1,0
COL,1992,1,0
COL,1996,0,0
COL,2000,1,1
COL,2004,2,0
COL,2008,2,0
COL,2012,8,1
COL,2016,8,3
COL,2020,5,0
COL,2024,4,0
COM,1996,0,0
COM,2000,0,0
COM,2004,0,0
COM,2008,0,0
COM,2012,0,0
COM,2016,0,0
COM,2020,0,0
COM,2024,0,0
CPV,1996,0,0
CPV,2000,0,0
CPV,2004,0,0
CPV,2008,0,0
CPV,2012,0,0
CPV,2016,0,0
CPV,2020,0,0
CPV,2024,1,0
CRC,1936,0,0
CRC,1964,0,0
CRC,1968,0,0
CRC,1972,0,0
CRC,1976,0,0
CRC,1980,0,0
CRC,1984,0,0
CRC,1988,0,0
CRC,1992,0,0
CRC,1996,0,0
CRC,2000,0,0
CRC,2004,0,0
CRC,2008,0,0
CRC,2012,0,0
CRC,2016,0,0
CRC,2020,0,0
CRC,2024,0,0
CRO,1992,15,0
CRO,1996,16,16
CRO,2000,10,1
CRO,2004,20,15
CRO,2008,5,0
CRO,2012,22,2
CRO,2016,11,7
CRO,2020,11,5
CRO,2024,7,3
CRT,1906,0,0
CUB,1900,2,1
CUB,1904,5,5
CUB,1924,0,0
CUB,1928,0,0
CUB,1948,2,0
CUB,1952,0,0
CUB,1956,0,0
CUB,1960,0,0
CUB,1964,1,0
CUB,1968,10,0
CUB,1972,22,3
CUB,1976,24,6
CUB,1980,20,8
CUB,1992,49,22
CUB,1996,33,17
CUB,2000,41,18
CUB,2004,38,8
CUB,2008,23,2
CUB,2012,14,5
CUB,2016,11,5
CUB,2020,14,6
CUB,2024,8,2
CYP,1980,0,0
CYP,1984,0,0
CYP,1988,0,0
CYP,1992,0,0
CYP,1996,0,0
CYP,2000,0,0
CYP,2004,0,0
CYP,2008,0,0
CYP,2012,1,0
CYP,2016,0,0
CYP,2020,0,0
CYP,2024,1,0
CZE,1996,13,4
CZE,2000,9,2
CZE,2004,13,1
CZE,2008,7,3
CZE,2012,14,4
CZE,2016,15,1
CZE,2020,9,4
CZE,2024,7,2
DEN,1896,6,1
DEN,1900,5,1
DEN,1906,34,14
DEN,1908,16,0
DEN,1912,87,5
DEN,1920,58,25
DEN,1924,12,2
DEN,1928,12,6
DEN,1932,8,0
DEN,1936,4,0
DEN,1948,40,5
DEN,1952,9,3
DEN,1956,6,1
DEN,1960,23,2
DEN,1964,12,7
DEN,1968,17,5
DEN,1972,1,1
DEN,1976,8,3
DEN,1980,7,4
DEN,1984,13,0
DEN,1988,6,3
DEN,1992,14,3
DEN,1996,23,21
DEN,2000,25,18
DEN,2004,29,19
DEN,2008,18,6
DEN,2012,16,3
DEN,2016,36,14
DEN,2020,30,4
DEN,2024,40,17
DJI,1984,0,0
DJI,1988,1,0
DJI,1992,0,0
DJI,1996,0,0
DJI,2000,0,0
DJI,2008,0,0
DJI,2012,0,0
DJI,2016,0,0
DJI,2020,0,0
DJI,2024,0,0
DMA,1996,0,0
DMA,2000,0,0
DMA,2004,0,0
DMA,2008,0,0
DMA,2012,0,0
DMA,2016,0,0
DMA,2020,0,0
DMA,2024,1,1
DOM,1964,0,0
DOM,1968,0,0
DOM,1972,0,0
DOM,1976,0,0
DOM,1980,0,0
DOM,1984,1,0
DOM,1988,0,0
DOM,1992,0,0
DOM,1996,0,0
DOM,2000,0,0
DOM,2004,1,1
DOM,2008,2,1
DOM,2012,2,1
DOM,2016,1,0
DOM,2020,8,0
DOM,2024,3,1
ECU,1924,0,0
ECU,1968,0,0
ECU,1972,0,0
ECU,1976,0,0
ECU,1980,0,0
ECU,1984,0,0
ECU,1988,0,0
ECU,1992,0,0
ECU,1996,1,1
ECU,2000,0,0
ECU,2004,0,0
ECU,2008,1,0
ECU,2012,0,0
ECU,2016,0,0
ECU,2020,3,2
ECU,2024,6,1
EGY,1906,0,0
EGY,1920,0,0
EGY,1924,0,0
EGY,1928,2,2
EGY,1936,5,2
EGY,1948,5,2
EGY,1952,1,0
EGY,1956,0,0
EGY,1964,0,0
EGY,1968,0,0
EGY,1972,0,0
EGY,1976,0,0
EGY,1984,1,0
EGY,1988,0,0
EGY,1992,0,0
EGY,1996,0,0
EGY,2000,0,0
EGY,2004,5,1
EGY,2008,1,0
EGY,2012,2,0
EGY,2016,3,0
EGY,2020,4,0
EGY,2024,3,1
EOR,2020,0,0
EOR,2024,1,0
ERI,2000,0,0
ERI,2004,1,0
ERI,2008,0,0
ERI,2012,0,0
ERI,2016,0,0
ERI,2020,0,0
ERI,2024,0,0
ESA,1968,0,0
ESA,1972,0,0
ESA,1984,0,0
ESA,1988,0,0
ESA,1992,0,0
ESA,1996,0,0
ESA,2000,0,0
ESA,2004,0,0
ESA,2008,0,0
ESA,2012,0,0
ESA,2016,0,0
ESA,2020,0,0
ESA,2024,0,0
ESP,1900,0,0
ESP,1920,18,0
ESP,1924,0,0
ESP,1928,3,3
ESP,1932,1,0
ESP,1948,3,0
ESP,1952,1,0
ESP,1956,0,0
ESP,1960,0,0
ESP,1964,0,0
ESP,1968,0,0
ESP,1972,1,0
ESP,1976,6,0
ESP,1980,7,2
ESP,1984,19,2
ESP,1988,4,1
ESP,1992,41,32
ESP,1996,38,11
ESP,2000,41,3
ESP,2004,30,4
ESP,2008,44,7
ESP,2012,39,5
ESP,2016,43,8
ESP,2020,49,3
ESP,2024,54,27
EST,1920,3,1
EST,1924,6,1
EST,1928,9,2
EST,1932,0,0
EST,1936,7,2
EST,1992,3,1
EST,1996,0,0
EST,2000,3,1
EST,2004,3,0
EST,2008,3,1
EST,2012,2,0
EST,2016,4,0
EST,2020,5,4
EST,2024,0,0
ETH,1956,0,0
ETH,1960,1,1
ETH,1964,1,1
ETH,1968,2,1
ETH,1972,2,0
ETH,1980,4,2
ETH,1992,3,1
ETH,1996,3,2
ETH,2000,8,4
ETH,2004,7,2
ETH,2008,7,4
ETH,2012,7,3
ETH,2016,8,1
ETH,2020,4,1
ETH,2024,4,1
EUN,1992,174,81
FIJ,1956,0,0
FIJ,1960,0,0
FIJ,1968,0,0
FIJ,1972,0,0
FIJ,1976,0,0
FIJ,1984,0,0
FIJ,1988,0,0
FIJ,1992,0,0
FIJ,1996,0,0
FIJ,2000,0,0
FIJ,2004,0,0
FIJ,2008,0,0
FIJ,2012,0,0
FIJ,2016,13,13
FIJ,2020,26,13
FIJ,2024,14,0
FIN,1906,4,2
FIN,1908,30,1
FIN,1912,71,9
FIN,1920,48,19
FIN,1924,52,24
FIN,1928,25,8
FIN,1932,29,5
FIN,1936,26,7
FIN,1948,29,15
FIN,1952,40,8
FIN,1956,26,3
FIN,1960,6,1
FIN,1964,5,3
FIN,1968,4,1
FIN,1972,10,3
FIN,1976,6,4
FIN,1980,9,3
FIN,1984,12,4
FIN,1988,4,1
FIN,1992,6,1
FIN,1996,3,1
FIN,2000,5,3
FIN,2004,2,0
FIN,2008,5,1
FIN,2012,5,0
FIN,2016,1,0
FIN,2020,1,0
FIN,2024,0,0
FRA,1896,11,5
FRA,1900,189,47
FRA,1904,2,0
FRA,1906,64,20
FRA,1908,39,11
FRA,1912,25,10
FRA,1920,140,13
FRA,1924,100,29
FRA,1928,37,11
FRA,1932,36,23
FRA,1936,44,13
FRA,1948,64,25
FRA,1952,33,13
FRA,1956,33,7
FRA,1960,12,0
FRA,1964,30,1
FRA,1968,26,12
FRA,1972,22,2
FRA,1976,20,5
FRA,1980,29,18
FRA,1984,65,20
FRA,1988,27,12
FRA,1992,54,9
FRA,1996,51,21
FRA,2000,63,22
FRA,2004,47,20
FRA,2008,66,24
FRA,2012,61,21
FRA,2016,88,20
FRA,2020,139,64
FRA,2024,172,48
FRG,1968,46,17
FRG,1972,66,26
FRG,1976,71,21
FRG,1984,93,28
FRG,1988,91,31
FSM,2000,0,0
FSM,2004,0,0
FSM,2008,0,0
FSM,2012,0,0
FSM,2016,0,0
FSM,2020,0,0
FSM,2024,0,0
GAB,1972,0,0
GAB,1984,0,0
GAB,1988,0,0
GAB,1992,0,0
GAB,1996,0,0
GAB,2000,0,0
GAB,2004,0,0
GAB,2008,0,0
GAB,2012,1,0
GAB,2016,0,0
GAB,2020,0,0
GAB,2024,0,0
GAM,1984,0,0
GAM,1988,0,0
GAM,1992,0,0
GAM,1996,0,0
GAM,2000,0,0
GAM,2004,0,0
GAM,2008,0,0
GAM,2012,0,0
GAM,2016,0,0
GAM,2020,0,0
GAM,2024,0,0
GBR,1896,9,3
GBR,1900,71,36
GBR,1904,2,1
GBR,1906,31,8
GBR,1908,232,100
GBR,1912,142,36
GBR,1920,66,19
GBR,1924,51,14
GBR,1928,49,6
GBR,1932,29,8
GBR,1936,32,12
GBR,1948,44,6
GBR,1952,17,3
GBR,1956,44,7
GBR,1960,23,1
GBR,1964,27,4
GBR,1968,18,9
GBR,1972,28,8
GBR,1976,26,5
GBR,1980,34,4
GBR,1984,48,9
GBR,1988,35,5
GBR,1992,33,8
GBR,1996,24,2
GBR,2000,54,22
GBR,2004,53,17
GBR,2008,75,29
GBR,2012,106,48
GBR,2016,110,45
GBR,2020,97,27
GBR,2024,131,33
GBS,1996,0,0
GBS,2000,0,0
GBS,2004,0,0
GBS,2008,0,0
GBS,2012,0,0
GBS,2016,0,0
GBS,2020,0,0
GBS,2024,0,0
GDR,1968,39,11
GDR,1972,125,28
GDR,1976,166,85
GDR,1980,218,93
GDR,1988,136,58
GEO,1996,2,0
GEO,2000,6,0
GEO,2004,4,2
GEO,2008,6,3
GEO,2012,7,1
GEO,2016,7,2
GEO,2020,8,2
GEO,2024,7,3
GEQ,1984,0,0
GEQ,1988,0,0
GEQ,1992,0,0
GEQ,1996,0,0
GEQ,2000,0,0
GEQ,2004,0,0
GEQ,2008,0,0
GEQ,2012,0,0
GEQ,2016,0,0
GEQ,2020,0,0
GEQ,2024,0,0
GER,1896,32,25
GER,1900,40,9
GER,1904,6,0
GER,1906,16,5
GER,1908,14,0
GER,1912,38,7
GER,1928,39,11
GER,1932,30,7
GER,1936,167,87
GER,1952,38,0
GER,1956,39,8
GER,1960,77,32
GER,1964,99,21
GER,1992,138,64
GER,1996,92,42
GER,2000,104,31
GER,2004,96,24
GER,2008,75,23
GER,2012,77,29
GER,2016,125,49
GER,2020,62,15
GER,2024,74,14
GHA,1952,0,0
GHA,1960,1,0
GHA,1964,1,0
GHA,1968,0,0
GHA,1972,1,0
GHA,1984,0,0
GHA,1988,0,0
GHA,1992,20,0
GHA,1996,0,0
GHA,2000,0,0
GHA,2004,0,0
GHA,2008,0,0
GHA,2012,0,0
GHA,2016,0,0
GHA,2020,1,0
GHA,2024,0,0
GRE,1896,42,9
GRE,1900,0,0
GRE,1904,2,1
GRE,1906,94,24
GRE,1908,4,0
GRE,1912,2,1
GRE,1920,5,0
GRE,1924,0,0
GRE,1928,0,0
GRE,1932,0,0
GRE,1936,0,0
GRE,1948,0,0
GRE,1952,0,0
GRE,1956,1,0
GRE,1960,3,3
GRE,1964,0,0
GRE,1968,1,0
GRE,1972,2,0
GRE,1976,0,0
GRE,1980,5,1
GRE,1984,2,0
GRE,1988,1,0
GRE,1992,2,2
GRE,1996,8,4
GRE,2000,18,4
GRE,2004,16,6
GRE,2008,7,0
GRE,2012,3,0
GRE,2016,6,3
GRE,2020,3,2
GRE,2024,9,1
GRN,1984,0,0
GRN,1988,0,0
GRN,1992,0,0
GRN,1996,0,0
GRN,2000,0,0
GRN,2004,0,0
GRN,2008,0,0
GRN,2012,1,1
GRN,2016,1,0
GRN,2020,1,0
GRN,2024,2,0
GUA,1952,0,0
GUA,1968,0,0
GUA,1972,0,0
GUA,1976,0,0
GUA,1980,0,0
GUA,1984,0,0
GUA,1988,0,0
GUA,1992,0,0
GUA,1996,0,0
GUA,2000,0,0
GUA,2004,0,0
GUA,2008,0,0
GUA,2012,1,0
GUA,2016,0,0
GUA,2020,0,0
GUA,2024,2,1
GUI,1968,0,0
GUI,1980,0,0
GUI,1984,0,0
GUI,1988,0,0
GUI,1992,0,0
GUI,1996,0,0
GUI,2000,0,0
GUI,2004,0,0
GUI,2008,0,0
GUI,2012,0,0
GUI,2016,0,0
GUI,2020,0,0
GUI,2024,0,0
GUM,1988,0,0
GUM,1992,0,0
GUM,1996,0,0
GUM,2000,0,0
GUM,2004,0,0
GUM,2008,0,0
GUM,2012,0,0
GUM,2016,0,0
GUM,2020,0,0
GUM,2024,0,0
GUY,1948,0,0
GUY,1952,0,0
GUY,1956,0,0
GUY,1960,0,0
GUY,1964,0,0
GUY,1968,0,0
GUY,1972,0,0
GUY,1980,1,0
GUY,1984,0,0
GUY,1988,0,0
GUY,1992,0,0
GUY,1996,0,0
GUY,2000,0,0
GUY,2004,0,0
GUY,2008,0,0
GUY,2012,0,0
GUY,2016,0,0
GUY,2020,0,0
GUY,2024,0,0
HAI,1900,1,1
HAI,1924,5,0
HAI,1928,1,0
HAI,1932,0,0
HAI,1960,0,0
HAI,1972,0,0
HAI,1976,0,0
HAI,1984,0,0
HAI,1988,0,0
HAI,1992,0,0
HAI,1996,0,0
HAI,2000,0,0
HAI,2004,0,0
HAI,2008,0,0
HAI,2012,0,0
HAI,2016,0,0
HAI,2020,0,0
HAI,2024,0,0
HKG,1960,0,0
HKG,1964,0,0
HKG,1968,0,0
HKG,1972,0,0
HKG,1976,0,0
HKG,1984,0,0
HKG,1988,0,0
HKG,1992,0,0
HKG,1996,1,1
HKG,2000,0,0
HKG,2004,2,0
HKG,2008,0,0
HKG,2012,1,0
HKG,2016,0,0
HKG,2020,5,1
HKG,2024,2,2
HON,1968,0,0
HON,1976,0,0
HON,1984,0,0
HON,1988,0,0
HON,1992,0,0
HON,1996,0,0
HON,2000,0,0
HON,2004,0,0
HON,2008,0,0
HON,2012,0,0
HON,2016,0,0
HON,2020,0,0
HON,2024,0,0
HUN,1896,4,0
HUN,1900,2,1
HUN,1904,0,0
HUN,1906,8,1
HUN,1908,15,7
HUN,1912,30,10
HUN,1924,19,2
HUN,1928,12,9
HUN,1932,18,10
HUN,1936,25,13
HUN,1948,43,15
HUN,1952,78,32
HUN,1956,51,19
HUN,1960,52,13
HUN,1964,44,30
HUN,1968,70,32
HUN,1972,67,10
HUN,1976,44,3
HUN,1980,46,7
HUN,1988,38,16
HUN,1992,36,9
HUN,1996,37,5
HUN,2000,39,11
HUN,2004,25,11
HUN,2008,11,3
HUN,2012,23,10
HUN,2016,15,9
HUN,2020,11,2
HUN,2024,13,6
INA,1952,0,0
INA,1956,0,0
INA,1960,0,0
INA,1968,0,0
INA,1972,0,0
INA,1976,0,0
INA,1984,0,0
INA,1988,3,0
INA,1992,6,2
INA,1996,6,2
INA,2000,8,2
INA,2004,5,1
INA,2008,7,2
INA,2012,2,0
INA,2016,4,2
INA,2020,6,2
INA,2024,3,2
IND,1900,2,0
IND,1920,0,0
IND,1924,0,0
IND,1928,0,0
IND,1932,0,0
IND,1936,0,0
IND,1948,0,0
IND,1952,1,0
IND,1956,0,0
IND,1960,0,0
IND,1964,0,0
IND,1968,0,0
IND,1972,0,0
IND,1976,0,0
IND,1980,0,0
IND,1984,0,0
IND,1988,0,0
IND,1992,0,0
IND,1996,1,0
IND,2000,1,0
IND,2004,1,0
IND,2008,3,1
IND,2012,6,0
IND,2016,2,0
IND,2020,6,1
IND,2024,6,0
IOA,1992,3,0
IOA,2000,0,0
IOA,2012,0,0
IOA,2016,2,1
IRI,1900,0,0
IRI,1948,1,0
IRI,1952,7,0
IRI,1956,5,2
IRI,1960,4,0
IRI,1964,2,0
IRI,1968,5,2
IRI,1972,3,0
IRI,1976,2,0
IRI,1988,1,0
IRI,1992,3,0
IRI,1996,3,1
IRI,2000,4,3
IRI,2004,6,2
IRI,2008,2,1
IRI,2012,12,4
IRI,2016,8,3
IRI,2020,6,2
IRI,2024,12,3
IRL,1924,0,0
IRL,1928,1,1
IRL,1932,2,2
IRL,1948,0,0
IRL,1952,1,0
IRL,1956,5,1
IRL,1960,0,0
IRL,1964,1,0
IRL,1968,0,0
IRL,1972,0,0
IRL,1976,0,0
IRL,1980,3,0
IRL,1984,1,0
IRL,1988,0,0
IRL,1992,2,1
IRL,1996,0,0
IRL,2000,1,0
IRL,2004,0,0
IRL,2008,3,0
IRL,2012,5,1
IRL,2016,3,0
IRL,2020,8,3
IRL,2024,6,4
IRQ,1948,0,0
IRQ,1960,1,0
IRQ,1964,0,0
IRQ,1968,0,0
IRQ,1980,0,0
IRQ,1984,0,0
IRQ,1988,0,0
IRQ,1992,0,0
IRQ,1996,0,0
IRQ,2000,0,0
IRQ,2004,0,0
IRQ,2008,0,0
IRQ,2012,0,0
IRQ,2016,0,0
IRQ,2020,0,0
IRQ,2024,0,0
ISL,1908,0,0
ISL,1912,0,0
ISL,1936,0,0
ISL,1948,0,0
ISL,1952,0,0
ISL,1956,1,0
ISL,1960,0,0
ISL,1964,0,0
ISL,1968,0,0
ISL,1972,0,0
ISL,1976,0,0
ISL,1980,0,0
ISL,1984,1,0
ISL,1988,0,0
ISL,1992,0,0
ISL,1996,0,0
ISL,2000,1,0
ISL,2004,0,0
ISL,2008,14,0
ISL,2012,0,0
ISL,2016,0,0
ISL,2020,0,0
ISL,2024,0,0
ISR,1952,0,0
ISR,1956,0,0
ISR,1960,0,0
ISR,1964,0,0
ISR,1968,0,0
ISR,1972,0,0
ISR,1976,0,0
ISR,1984,0,0
ISR,1988,0,0
ISR,1992,2,0
ISR,1996,1,0
ISR,2000,1,0
ISR,2004,2,1
ISR,2008,1,0
ISR,2012,0,0
ISR,2016,2,0
ISR,2020,14,2
ISR,2024,11,1
ISV,1968,0,0
ISV,1972,0,0
ISV,1976,0,0
ISV,1984,0,0
ISV,1988,1,0
ISV,1992,0,0
ISV,1996,0,0
ISV,2000,0,0
ISV,2004,0,0
ISV,2008,0,0
ISV,2012,0,0
ISV,2016,0,0
ISV,2020,0,0
ISV,2024,0,0
ITA,1896,0,0
ITA,1900,5,3
ITA,1904,0,0
ITA,1906,56,21
ITA,1908,8,2
ITA,1912,23,20
ITA,1920,82,66
ITA,1924,51,25
ITA,1928,71,24
ITA,1932,77,21
ITA,1936,71,36
ITA,1948,54,11
ITA,1952,43,17
ITA,1956,47,26
ITA,1960,76,24
ITA,1964,50,14
ITA,1968,31,4
ITA,1972,19,8
ITA,1976,18,1
ITA,1980,36,8
ITA,1984,63,29
ITA,1988,28,11
ITA,1992,31,9
ITA,1996,57,19
ITA,2000,59,19
ITA,2004,84,11
ITA,2008,40,7
ITA,2012,54,16
ITA,2016,39,7
ITA,2020,59,21
ITA,2024,71,28
IVB,1984,0,0
IVB,1988,0,0
IVB,1992,0,0
IVB,1996,0,0
IVB,2000,0,0
IVB,2004,0,0
IVB,2008,0,0
IVB,2012,0,0
IVB,2016,0,0
IVB,2020,0,0
IVB,2024,0,0
JAM,1948,3,1
JAM,1952,8,5
JAM,1956,0,0
JAM,1964,0,0
JAM,1968,1,0
JAM,1972,1,0
JAM,1976,2,1
JAM,1980,3,0
JAM,1984,7,0
JAM,1988,7,0
JAM,1992,4,0
JAM,1996,16,1
JAM,2000,23,0
JAM,2004,13,6
JAM,2008,14,5
JAM,2012,25,8
JAM,2016,30,11
JAM,2020,21,9
JAM,2024,6,1
JOR,1980,0,0
JOR,1984,0,0
JOR,1988,0,0
JOR,1992,0,0
JOR,1996,0,0
JOR,2000,0,0
JOR,2004,0,0
JOR,2008,0,0
JOR,2012,0,0
JOR,2016,1,1
JOR,2020,1,0
JOR,2024,1,0
JPN,1912,0,0
JPN,1920,3,0
JPN,1924,1,0
JPN,1928,2,1
JPN,1932,5,2
JPN,1936,7,2
JPN,1952,6,1
JPN,1956,19,3
JPN,1960,18,9
JPN,1964,57,32
JPN,1968,63,16
JPN,1972,53,27
JPN,1976,41,25
JPN,1984,46,10
JPN,1988,16,3
JPN,1992,23,2
JPN,1996,13,3
JPN,2000,11,5
JPN,2004,33,18
JPN,2008,26,6
JPN,2012,67,7
JPN,2016,44,15
JPN,2020,86,26
JPN,2024,80,27
KAZ,1996,11,3
KAZ,2000,7,3
KAZ,2004,8,1
KAZ,2008,13,2
KAZ,2012,13,7
KAZ,2016,17,2
KAZ,2020,6,0
KAZ,2024,8,1
KEN,1956,0,0
KEN,1960,0,0
KEN,1964,1,0
KEN,1968,12,3
KEN,1972,12,5
KEN,1984,3,1
KEN,1988,9,5
KEN,1992,8,2
KEN,1996,8,1
KEN,2000,7,2
KEN,2004,7,1
KEN,2008,15,6
KEN,2012,11,2
KEN,2016,13,6
KEN,2020,10,4
KEN,2024,11,4
KGZ,1996,0,0
KGZ,2000,1,0
KGZ,2004,0,0
KGZ,2008,2,0
KGZ,2012,0,0
KGZ,2016,0,0
KGZ,2020,3,0
KGZ,2024,6,0
KIR,2004,0,0
KIR,2008,0,0
KIR,2012,0,0
KIR,2016,0,0
KIR,2020,0,0
KIR,2024,0,0
KOR,1948,2,0
KOR,1952,2,0
KOR,1956,2,0
KOR,1960,0,0
KOR,1964,3,0
KOR,1968,2,0
KOR,1972,1,0
KOR,1976,17,1
KOR,1984,41,6
KOR,1988,61,28
KOR,1992,49,28
KOR,1996,50,10
KOR,2000,33,12
KOR,2004,52,14
KOR,2008,52,16
KOR,2012,59,18
KOR,2016,26,13
KOR,2020,38,14
KOR,2024,57,21
KOS,2016,1,1
KOS,2020,2,2
KOS,2024,2,0
KSA,1972,0,0
KSA,1976,0,0
KSA,1984,0,0
KSA,1988,0,0
KSA,1992,0,0
KSA,1996,0,0
KSA,2000,2,0
KSA,2004,0,0
KSA,2008,0,0
KSA,2012,4,0
KSA,2016,0,0
KSA,2020,0,0
KSA,2024,0,0
KUW,1968,0,0
KUW,1972,0,0
KUW,1976,0,0
KUW,1980,0,0
KUW,1984,0,0
KUW,1988,0,0
KUW,1992,0,0
KUW,1996,0,0
KUW,2000,1,0
KUW,2004,0,0
KUW,2008,0,0
KUW,2012,1,0
KUW,2020,1,0
KUW,2024,0,0
LAO,1980,0,0
LAO,1988,0,0
LAO,1992,0,0
LAO,1996,0,0
LAO,2000,0,0
LAO,2004,0,0
LAO,2008,0,0
LAO,2012,0,0
LAO,2016,0,0
LAO,2020,0,0
LAO,2024,0,0
LAT,1924,0,0
LAT,1928,0,0
LAT,1932,1,0
LAT,1936,2,0
LAT,1992,3,0
LAT,1996,1,0
LAT,2000,3,1
LAT,2004,4,0
LAT,2008,3,1
LAT,2012,3,1
LAT,2016,0,0
LAT,2020,5,4
LAT,2024,0,0
LBA,1968,0,0
LBA,1980,0,0
LBA,1988,0,0
LBA,1992,0,0
LBA,1996,0,0
LBA,2000,0,0
LBA,2004,0,0
LBA,2008,0,0
LBA,2012,0,0
LBA,2016,0,0
LBA,2020,0,0
LBA,2024,0,0
LBN,2020,0,0
LBN,2024,0,0
LBR,1956,0,0
LBR,1960,0,0
LBR,1964,0,0
LBR,1972,0,0
LBR,1984,0,0
LBR,1988,0,0
LBR,1996,0,0
LBR,2000,0,0
LBR,2004,0,0
LBR,2008,0,0
LBR,2012,0,0
LBR,2016,0,0
LBR,2020,0,0
LBR,2024,0,0
LCA,1996,0,0
LCA,2000,0,0
LCA,2004,0,0
LCA,2008,0,0
LCA,2012,0,0
LCA,2016,0,0
LCA,2020,0,0
LCA,2024,2,1
LES,1972,0,0
LES,1980,0,0
LES,1984,0,0
LES,1988,0,0
LES,1992,0,0
LES,1996,0,0
LES,2000,0,0
LES,2004,0,0
LES,2008,0,0
LES,2012,0,0
LES,2016,0,0
LES,2020,0,0
LES,2024,0,0
LIB,1948,0,0
LIB,1952,2,0
LIB,1960,0,0
LIB,1964,0,0
LIB,1968,0,0
LIB,1972,1,0
LIB,1976,0,0
LIB,1980,1,0
LIB,1984,0,0
LIB,1988,0,0
LIB,1992,0,0
LIB,1996,0,0
LIB,2000,0,0
LIB,2004,0,0
LIB,2008,0,0
LIB,2012,0,0
LIB,2016,0,0
LIE,1936,0,0
LIE,1948,0,0
LIE,1952,0,0
LIE,1960,0,0
LIE,1964,0,0
LIE,1968,0,0
LIE,1972,0,0
LIE,1976,0,0
LIE,1984,0,0
LIE,1988,0,0
LIE,1992,0,0
LIE,1996,0,0
LIE,2000,0,0
LIE,2004,0,0
LIE,2008,0,0
LIE,2012,0,0
LIE,2016,0,0
LIE,2020,0,0
LIE,2024,0,0
LTU,1924,0,0
LTU,1928,0,0
LTU,1992,13,1
LTU,1996,11,0
LTU,2000,17,2
LTU,2004,3,1
LTU,2008,5,0
LTU,2012,4,1
LTU,2016,7,0
LTU,2020,1,0
LTU,2024,7,0
LUX,1900,1,1
LUX,1912,0,0
LUX,1920,1,0
LUX,1924,0,0
LUX,1928,0,0
LUX,1936,0,0
LUX,1948,0,0
LUX,1952,1,1
LUX,1956,0,0
LUX,1960,0,0
LUX,1964,0,0
LUX,1968,0,0
LUX,1972,0,0
LUX,1976,0,0
LUX,1980,0,0
LUX,1984,0,0
LUX,1988,0,0
LUX,1992,0,0
LUX,1996,0,0
LUX,2000,0,0
LUX,2004,0,0
LUX,2008,0,0
LUX,2012,0,0
LUX,2016,0,0
LUX,2020,0,0
LUX,2024,0,0
MAD,1964,0,0
MAD,1968,0,0
MAD,1972,0,0
MAD,1980,0,0
MAD,1984,0,0
MAD,1992,0,0
MAD,1996,0,0
MAD,2000,0,0
MAD,2004,0,0
MAD,2008,0,0
MAD,2012,0,0
MAD,2016,0,0
MAD,2020,0,0
MAD,2024,0,0
MAL,1956,0,0
MAL,1960,0,0
MAR,1960,1,0
MAR,1964,0,0
MAR,1968,0,0
MAR,1972,0,0
MAR,1976,0,0
MAR,1984,2,2
MAR,1988,3,1
MAR,1992,3,1
MAR,1996,2,0
MAR,2000,5,0
MAR,2004,3,2
MAR,2008,2,0
MAR,2012,1,0
MAR,2016,1,0
MAR,2020,1,1
MAR,2024,20,1
MAS,1964,0,0
MAS,1968,0,0
MAS,1972,0,0
MAS,1976,0,0
MAS,1984,0,0
MAS,1988,0,0
MAS,1992,2,0
MAS,1996,3,0
MAS,2000,0,0
MAS,2004,0,0
MAS,2008,1,0
MAS,2012,1,0
MAS,2016,6,0
MAS,2020,3,0
MAS,2024,3,0
MAW,1972,0,0
MAW,1984,0,0
MAW,1988,0,0
MAW,1992,0,0
MAW,1996,0,0
MAW,2000,0,0
MAW,2004,0,0
MAW,2008,0,0
MAW,2012,0,0
MAW,2016,0,0
MAW,2020,0,0
MAW,2024,0,0
MDA,1996,3,0
MDA,2000,2,0
MDA,2004,0,0
MDA,2008,1,0
MDA,2012,2,0
MDA,2016,0,0
MDA,2020,0,0
MDA,2024,3,0
MDV,1988,0,0
MDV,1992,0,0
MDV,1996,0,0
MDV,2000,0,0
MDV,2004,0,0
MDV,2008,0,0
MDV,2012,0,0
MDV,2016,0,0
MDV,2020,0,0
MDV,2024,0,0
MEX,1924,0,0
MEX,1928,0,0
MEX,1932,2,0
MEX,1936,12,0
MEX,1948,8,4
MEX,1952,0,0
MEX,1956,0,0
MEX,1960,0,0
MEX,1964,1,0
MEX,1968,6,2
MEX,1972,1,0
MEX,1976,2,1
MEX,1980,9,0
MEX,1984,6,2
MEX,1988,1,0
MEX,1992,1,0
MEX,1996,1,0
MEX,2000,5,1
MEX,2004,4,0
MEX,2008,2,2
MEX,2012,19,16
MEX,2016,4,0
MEX,2020,25,0
MEX,2024,5,0
MGL,1964,0,0
MGL,1968,4,0
MGL,1972,1,0
MGL,1976,1,0
MGL,1980,4,0
MGL,1988,1,0
MGL,1992,2,0
MGL,1996,1,0
MGL,2000,0,0
MGL,2004,1,0
MGL,2008,4,2
MGL,2012,5,0
MGL,2016,2,0
MGL,2020,4,0
MGL,2024,1,0
MHL,2008,0,0
MHL,2012,0,0
MHL,2016,0,0
MHL,2024,0,0
MKD,1996,0,0
MKD,2000,1,0
MKD,2004,0,0
MKD,2008,0,0
MKD,2012,0,0
MKD,2016,0,0
MKD,2020,1,0
MKD,2024,0,0
MLI,1964,0,0
MLI,1968,0,0
MLI,1972,0,0
MLI,1980,0,0
MLI,1984,0,0
MLI,1988,0,0
MLI,1992,0,0
MLI,1996,0,0
MLI,2000,0,0
MLI,2004,0,0
MLI,2008,0,0
MLI,2012,0,0
MLI,2016,0,0
MLI,2020,0,0
MLI,2024,0,0
MLT,1936,0,0
MLT,1948,0,0
MLT,1960,0,0
MLT,1968,0,0
MLT,1972,0,0
MLT,1980,0,0
MLT,1984,0,0
MLT,1988,0,0
MLT,1992,0,0
MLT,1996,0,0
MLT,2000,0,0
MLT,2004,0,0
MLT,2008,0,0
MLT,2012,0,0
MLT,2016,0,0
MLT,2020,0,0
MLT,2024,0,0
MNE,2008,0,0
MNE,2012,14,0
MNE,2016,0,0
MNE,2020,0,0
MNE,2024,0,0
MON,1920,0,0
MON,1924,0,0
MON,1928,0,0
MON,1936,0,0
MON,1948,0,0
MON,1952,0,0
MON,1960,0,0
MON,1964,0,0
MON,1968,0,0
MON,1972,0,0
MON,1976,0,0
MON,1984,0,0
MON,1988,0,0
MON,1992,0,0
MON,1996,0,0
MON,2000,0,0
MON,2004,0,0
MON,2008,0,0
MON,2012,0,0
MON,2016,0,0
MON,2020,0,0
MON,2024,0,0
MOZ,1980,0,0
MOZ,1984,0,0
MOZ,1988,0,0
MOZ,1992,0,0
MOZ,1996,1,0
MOZ,2000,1,1
MOZ,2004,0,0
MOZ,2008,0,0
MOZ,2012,0,0
MOZ,2016,0,0
MOZ,2020,0,0
MOZ,2024,0,0
MRI,1984,0,0
MRI,1988,0,0
MRI,1992,0,0
MRI,1996,0,0
MRI,2000,0,0
MRI,2004,0,0
MRI,2008,1,0
MRI,2012,0,0
MRI,2016,0,0
MRI,2020,0,0
MRI,2024,0,0
MTN,1984,0,0
MTN,1988,0,0
MTN,1992,0,0
MTN,1996,0,0
MTN,2000,0,0
MTN,2004,0,0
MTN,2008,0,0
MTN,2012,0,0
MTN,2016,0,0
MTN,2020,0,0
MTN,2024,0,0
MYA,1948,0,0
MYA,1952,0,0
MYA,1956,0,0
MYA,1960,0,0
MYA,1964,0,0
MYA,1968,0,0
MYA,1972,0,0
MYA,1980,0,0
MYA,1984,0,0
MYA,1988,0,0
MYA,1992,0,0
MYA,1996,0,0
MYA,2000,0,0
MYA,2004,0,0
MYA,2008,0,0
MYA,2012,0,0
MYA,2016,0,0
MYA,2020,0,0
MYA,2024,0,0
NAM,1992,2,0
NAM,1996,2,0
NAM,2000,0,0
NAM,2004,0,0
NAM,2008,0,0
NAM,2012,0,0
NAM,2016,0,0
NAM,2020,1,0
NAM,2024,0,0
NBO,1956,0,0
NCA,1968,0,0
NCA,1972,0,0
NCA,1976,0,0
NCA,1980,0,0
NCA,1984,0,0
NCA,1992,0,0
NCA,1996,0,0
NCA,2000,0,0
NCA,2004,0,0
NCA,2008,0,0
NCA,2012,0,0
NCA,2016,0,0
NCA,2020,0,0
NCA,2024,0,0
NED,1900,26,3
NED,1906,6,0
NED,1908,16,0
NED,1912,26,0
NED,1920,42,15
NED,1924,26,8
NED,1928,38,17
NED,1932,7,2
NED,1936,17,2
NED,1948,15,7
NED,1952,1,0
NED,1956,0,0
NED,1960,0,0
NED,1964,21,5
NED,1968,13,5
NED,1972,6,3
NED,1976,2,0
NED,1980,2,0
NED,1984,15,2
NED,1988,8,3
NED,1992,33,5
NED,1996,39,22
NED,2000,31,6
NED,2004,30,2
NED,2008,26,4
NED,2012,28,3
NED,2016,29,7
NED,2020,51,15
NED,2024,65,31
NEP,1964,0,0
NEP,1972,0,0
NEP,1976,0,0
NEP,1980,0,0
NEP,1984,0,0
NEP,1988,0,0
NEP,1992,0,0
NEP,1996,0,0
NEP,2000,0,0
NEP,2004,0,0
NEP,2008,0,0
NEP,2012,0,0
NEP,2016,0,0
NEP,2020,0,0
NEP,2024,0,0
NFL,1904,0,0
NGR,1952,0,0
NGR,1956,0,0
NGR,1960,0,0
NGR,1964,1,0
NGR,1968,0,0
NGR,1972,1,0
NGR,1980,0,0
NGR,1984,5,0
NGR,1988,0,0
NGR,1992,11,0
NGR,1996,24,17
NGR,2000,8,6
NGR,2004,8,0
NGR,2008,23,0
NGR,2012,0,0
NGR,2016,18,0
NGR,2020,2,0
NGR,2024,0,0
NIG,1964,0,0
NIG,1968,0,0
NIG,1972,1,0
NIG,1984,0,0
NIG,1988,0,0
NIG,1992,0,0
NIG,1996,0,0
NIG,2000,0,0
NIG,2004,0,0
NIG,2008,0,0
NIG,2012,0,0
NIG,2016,1,0
NIG,2020,0,0
NIG,2024,0,0
NOR,1900,9,0
NOR,1904,2,2
NOR,1906,25,20
NOR,1908,42,7
NOR,1912,80,40
NOR,1920,132,58
NOR,1924,22,14
NOR,1928,9,4
NOR,1932,0,0
NOR,1936,28,1
NOR,1948,18,3
NOR,1952,13,5
NOR,1956,3,1
NOR,1960,2,2
NOR,1964,0,0
NOR,1968,6,4
NOR,1972,8,2
NOR,1976,6,2
NOR,1984,4,0
NOR,1988,22,2
NOR,1992,23,2
NOR,1996,23,2
NOR,2000,43,20
NOR,2004,7,5
NOR,2008,20,16
NOR,2012,17,15
NOR,2016,19,0
NOR,2020,23,5
NOR,2024,23,18
NRU,1996,0,0
NRU,2000,0,0
NRU,2004,0,0
NRU,2008,0,0
NRU,2012,0,0
NRU,2016,0,0
NRU,2020,0,0
NRU,2024,0,0
NZL,1920,1,0
NZL,1924,1,0
NZL,1928,1,1
NZL,1932,2,0
NZL,1936,1,1
NZL,1948,0,0
NZL,1952,2,1
NZL,1956,3,3
NZL,1960,3,2
NZL,1964,6,4
NZL,1968,7,5
NZL,1972,14,9
NZL,1976,11,1
NZL,1980,0,0
NZL,1984,23,16
NZL,1988,22,4
NZL,1992,14,1
NZL,1996,7,1
NZL,2000,4,1
NZL,2004,6,4
NZL,2008,15,4
NZL,2012,27,9
NZL,2016,36,6
NZL,2020,61,25
NZL,2024,43,18
OMA,1984,0,0
OMA,1988,0,0
OMA,1992,0,0
OMA,1996,0,0
OMA,2000,0,0
OMA,2004,0,0
OMA,2008,0,0
OMA,2012,0,0
OMA,2016,0,0
OMA,2020,0,0
OMA,2024,0,0
PAK,1948,0,0
PAK,1952,0,0
PAK,1956,0,0
PAK,1960,1,0
PAK,1964,0,0
PAK,1968,0,0
PAK,1972,0,0
PAK,1976,0,0
PAK,1984,0,0
PAK,1988,1,0
PAK,1992,0,0
PAK,1996,0,0
PAK,2000,0,0
PAK,2004,0,0
PAK,2008,0,0
PAK,2012,0,0
PAK,2016,0,0
PAK,2020,0,0
PAK,2024,1,1
PAN,1948,2,0
PAN,1952,0,0
PAN,1960,0,0
PAN,1964,0,0
PAN,1968,0,0
PAN,1972,0,0
PAN,1976,0,0
PAN,1984,0,0
PAN,1988,0,0
PAN,1992,0,0
PAN,1996,0,0
PAN,2000,0,0
PAN,2004,0,0
PAN,2008,1,1
PAN,2012,0,0
PAN,2016,0,0
PAN,2020,0,0
PAN,2024,1,0
PAR,1968,0,0
PAR,1972,0,0
PAR,1976,0,0
PAR,1984,0,0
PAR,1988,0,0
PAR,1992,0,0
PAR,1996,0,0
PAR,2000,0,0
PAR,2004,17,0
PAR,2008,0,0
PAR,2012,0,0
PAR,2016,0,0
PAR,2020,0,0
PAR,2024,0,0
PER,1900,0,0
PER,1936,0,0
PER,1948,1,1
PER,1956,0,0
PER,1960,0,0
PER,1964,0,0
PER,1968,0,0
PER,1972,0,0
PER,1976,0,0
PER,1980,0,0
PER,1984,1,0
PER,1988,12,0
PER,1992,1,0
PER,1996,0,0
PER,2000,0,0
PER,2004,0,0
PER,2008,0,0
PER,2012,0,0
PER,2016,0,0
PER,2020,0,0
PER,2024,1,0
PHI,1924,0,0
PHI,1928,0,0
PHI,1932,2,0
PHI,1936,1,0
PHI,1948,0,0
PHI,1952,0,0
PHI,1956,0,0
PHI,1960,0,0
PHI,1964,1,0
PHI,1968,0,0
PHI,1972,0,0
PHI,1976,0,0
PHI,1984,0,0
PHI,1988,1,0
PHI,1992,1,0
PHI,1996,1,0
PHI,2000,0,0
PHI,2004,0,0
PHI,2008,0,0
PHI,2012,0,0
PHI,2016,1,0
PHI,2020,4,1
PHI,2024,4,2
PLE,1996,0,0
PLE,2000,0,0
PLE,2004,0,0
PLE,2008,0,0
PLE,2012,0,0
PLE,2016,0,0
PLE,2020,0,0
PLE,2024,0,0
PLW,2000,0,0
PLW,2004,0,0
PLW,2008,0,0
PLW,2012,0,0
PLW,2016,0,0
PLW,2020,0,0
PLW,2024,0,0
PNG,1976,0,0
PNG,1984,0,0
PNG,1988,0,0
PNG,1992,0,0
PNG,1996,0,0
PNG,2000,0,0
PNG,2004,0,0
PNG,2008,0,0
PNG,2012,0,0
PNG,2016,0,0
PNG,2020,0,0
PNG,2024,0,0
POL,1924,5,0
POL,1928,18,1
POL,1932,19,2
POL,1936,9,0
POL,1948,1,0
POL,1952,4,1
POL,1956,19,1
POL,1960,30,4
POL,1964,46,10
POL,1968,37,5
POL,1972,46,27
POL,1976,73,18
POL,1980,49,3
POL,1988,20,2
POL,1992,45,5
POL,1996,22,7
POL,2000,24,7
POL,2004,9,3
POL,2008,20,6
POL,2012,12,2
POL,2016,16,3
POL,2020,30,14
POL,2024,27,1
POR,1912,0,0
POR,1920,0,0
POR,1924,4,0
POR,1928,6,0
POR,1932,0,0
POR,1936,3,0
POR,1948,5,0
POR,1952,2,0
POR,1956,0,0
POR,1960,2,0
POR,1964,0,0
POR,1968,0,0
POR,1972,0,0
POR,1976,2,0
POR,1980,0,0
POR,1984,3,1
POR,1988,1,1
POR,1992,0,0
POR,1996,3,1
POR,2000,2,0
POR,2004,3,0
POR,2008,2,1
POR,2012,2,0
POR,2016,1,0
POR,2020,3,1
POR,2024,5,2
PRK,1972,15,1
PRK,1976,2,1
PRK,1980,5,0
PRK,1992,10,4
PRK,1996,5,2
PRK,2000,4,0
PRK,2004,5,0
PRK,2008,6,2
PRK,2012,6,4
PRK,2016,7,2
PRK,2024,5,0
PUR,1948,1,0
PUR,1952,0,0
PUR,1956,0,0
PUR,1960,0,0
PUR,1964,0,0
PUR,1968,0,0
PUR,1972,0,0
PUR,1976,1,0
PUR,1980,0,0
PUR,1984,2,0
PUR,1988,0,0
PUR,1992,1,0
PUR,1996,1,0
PUR,2000,0,0
PUR,2004,0,0
PUR,2008,0,0
PUR,2012,2,0
PUR,2016,1,1
PUR,2020,1,1
PUR,2024,2,0
QAT,1984,0,0
QAT,1988,0,0
QAT,1992,1,0
QAT,1996,0,0
QAT,2000,1,0
QAT,2004,0,0
QAT,2008,0,0
QAT,2012,2,0
QAT,2016,1,0
QAT,2020,4,2
QAT,2024,1,0
RHO,1960,0,0
ROC,2020,127,29
ROT,2016,0,0
ROU,1900,0,0
ROU,1924,16,0
ROU,1928,0,0
ROU,1936,1,0
ROU,1952,4,1
ROU,1956,19,6
ROU,1960,15,3
ROU,1964,16,2
ROU,1968,23,5
ROU,1972,40,3
ROU,1976,55,4
ROU,1980,68,7
ROU,1984,105,40
ROU,1988,56,8
ROU,1992,53,8
ROU,1996,38,13
ROU,2000,42,25
ROU,2004,37,22
ROU,2008,22,5
ROU,2012,16,2
ROU,2016,16,4
ROU,2020,9,2
ROU,2024,19,11
RSA,1904,0,0
RSA,1908,2,1
RSA,1912,7,5
RSA,1920,21,3
RSA,1924,3,1
RSA,1928,2,1
RSA,1932,4,2
RSA,1936,1,0
RSA,1948,4,2
RSA,1952,13,1
RSA,1956,3,0
RSA,1960,3,0
RSA,1992,3,0
RSA,1996,2,1
RSA,2000,3,0
RSA,2004,4,0
RSA,2008,1,0
RSA,2012,6,4
RSA,2016,20,2
RSA,2020,1,0
RSA,2024,19,0
RUS,1900,0,0
RUS,1908,2,0
RUS,1912,14,0
RUS,1996,94,31
RUS,2000,140,50
RUS,2004,157,37
RUS,2008,115,31
RUS,2012,116,38
RUS,2016,87,41
RWA,1984,0,0
RWA,1988,0,0
RWA,1992,0,0
RWA,1996,0,0
RWA,2000,0,0
RWA,2004,0,0
RWA,2008,0,0
RWA,2012,0,0
RWA,2016,0,0
RWA,2020,0,0
RWA,2024,0,0
SAA,1952,0,0
SAM,1984,0,0
SAM,1988,0,0
SAM,1992,0,0
SAM,1996,0,0
SAM,2000,0,0
SAM,2004,0,0
SAM,2008,0,0
SAM,2012,0,0
SAM,2016,0,0
SAM,2020,0,0
SAM,2024,0,0
SCG,1996,26,1
SCG,2000,12,11
SCG,2004,1,0
SEN,1964,0,0
SEN,1968,0,0
SEN,1972,0,0
SEN,1976,0,0
SEN,1980,0,0
SEN,1984,0,0
SEN,1988,1,0
SEN,1992,0,0
SEN,1996,0,0
SEN,2000,0,0
SEN,2004,0,0
SEN,2008,0,0
SEN,2012,0,0
SEN,2016,0,0
SEN,2020,0,0
SEN,2024,0,0
SEY,1980,0,0
SEY,1984,0,0
SEY,1992,0,0
SEY,1996,0,0
SEY,2000,0,0
SEY,2004,0,0
SEY,2008,0,0
SEY,2012,0,0
SEY,2016,0,0
SEY,2020,0,0
SEY,2024,0,0
SGP,1948,0,0
SGP,1952,0,0
SGP,1956,0,0
SGP,1960,1,0
SGP,1968,0,0
SGP,1972,0,0
SGP,1976,0,0
SGP,1984,0,0
SGP,1988,0,0
SGP,1992,0,0
SGP,1996,0,0
SGP,2000,0,0
SGP,2004,0,0
SGP,2008,3,0
SGP,2012,4,0
SGP,2016,0,0
SGP,2020,0,0
SGP,2024,1,0
SKN,1996,0,0
SKN,2000,0,0
SKN,2004,0,0
SKN,2008,0,0
SKN,2012,0,0
SKN,2016,0,0
SKN,2020,0,0
SKN,2024,0,0
SLE,1968,0,0
SLE,1980,0,0
SLE,1984,0,0
SLE,1988,0,0
SLE,1992,0,0
SLE,1996,0,0
SLE,2000,0,0
SLE,2004,0,0
SLE,2008,0,0
SLE,2012,0,0
SLE,2016,0,0
SLE,2020,0,0
SLE,2024,0,0
SLO,1992,6,0
SLO,1996,2,0
SLO,2000,3,3
SLO,2004,5,0
SLO,2008,4,1
SLO,2012,5,1
SLO,2016,4,1
SLO,2020,4,2
SLO,2024,3,2
SMR,1960,0,0
SMR,1968,0,0
SMR,1972,0,0
SMR,1976,0,0
SMR,1980,0,0
SMR,1984,0,0
SMR,1988,0,0
SMR,1992,0,0
SMR,1996,0,0
SMR,2000,0,0
SMR,2004,0,0
SMR,2008,0,0
SMR,2012,0,0
SMR,2016,0,0
SMR,2020,4,0
SMR,2024,0,0
SOL,1984,0,0
SOL,1988,0,0
SOL,1992,0,0
SOL,1996,0,0
SOL,2000,0,0
SOL,2004,0,0
SOL,2008,0,0
SOL,2012,0,0
SOL,2016,0,0
SOL,2020,0,0
SOL,2024,0,0
SOM,1972,0,0
SOM,1984,0,0
SOM,1988,0,0
SOM,1996,0,0
SOM,2000,0,0
SOM,2004,0,0
SOM,2008,0,0
SOM,2012,0,0
SOM,2016,0,0
SOM,2020,0,0
SOM,2024,0,0
SRB,1912,0,0
SRB,2008,1,0
SRB,2012,3,1
SRB,2016,41,1
SRB,2020,21,1
SRB,2024,16,3
SRI,1948,1,0
SRI,1952,0,0
SRI,1956,0,0
SRI,1960,0,0
SRI,1964,0,0
SRI,1968,0,0
SRI,1972,0,0
SRI,1980,0,0
SRI,1984,0,0
SRI,1988,0,0
SRI,1992,0,0
SRI,1996,0,0
SRI,2000,1,0
SRI,2004,0,0
SRI,2008,0,0
SRI,2012,0,0
SRI,2016,0,0
SRI,2020,0,0
SRI,2024,0,0
SSD,2016,0,0
SSD,2020,0,0
SSD,2024,0,0
STP,1996,0,0
STP,2000,0,0
STP,2004,0,0
STP,2008,0,0
STP,2012,0,0
STP,2016,0,0
STP,2020,0,0
STP,2024,0,0
SUD,1960,0,0
SUD,1968,0,0
SUD,1972,0,0
SUD,1984,0,0
SUD,1988,0,0
SUD,1992,0,0
SUD,1996,0,0
SUD,2000,0,0
SUD,2004,0,0
SUD,2008,1,0
SUD,2012,0,0
SUD,2016,0,0
SUD,2020,0,0
SUD,2024,0,0
SUI,1896,3,1
SUI,1900,21,16
SUI,1904,3,1
SUI,1906,12,8
SUI,1908,0,0
SUI,1912,0,0
SUI,1920,29,6
SUI,1924,60,14
SUI,1928,28,16
SUI,1932,1,0
SUI,1936,48,1
SUI,1948,32,5
SUI,1952,33,2
SUI,1956,3,0
SUI,1960,12,0
SUI,1964,6,1
SUI,1968,13,0
SUI,1972,8,0
SUI,1976,10,1
SUI,1980,2,2
SUI,1984,12,0
SUI,1988,8,0
SUI,1992,1,1
SUI,1996,11,5
SUI,2000,14,1
SUI,2004,7,1
SUI,2008,11,3
SUI,2012,4,2
SUI,2016,11,6
SUI,2020,13,3
SUI,2024,9,1
SUR,1968,0,0
SUR,1972,0,0
SUR,1976,0,0
SUR,1984,0,0
SUR,1988,0,0
SUR,1992,0,0
SUR,1996,0,0
SUR,2000,0,0
SUR,2004,0,0
SUR,2008,0,0
SUR,2012,0,0
SUR,2016,0,0
SUR,2020,0,0
SUR,2024,0,0
SVK,1996,3,1
SVK,2000,4,2
SVK,2004,10,3
SVK,2008,10,4
SVK,2012,5,0
SVK,2016,8,3
SVK,2020,2,1
SVK,2024,0,0
SWE,1896,0,0
SWE,1900,1,0
SWE,1906,13,2
SWE,1908,69,46
SWE,1912,167,92
SWE,1920,128,47
SWE,1924,58,7
SWE,1928,34,6
SWE,1932,31,12
SWE,1936,34,7
SWE,1948,73,29
SWE,1952,68,23
SWE,1956,34,14
SWE,1960,6,2
SWE,1964,15,3
SWE,1968,9,4
SWE,1972,18,1
SWE,1976,9,9
SWE,1980,10,1
SWE,1984,27,3
SWE,1988,15,0
SWE,1992,29,1
SWE,1996,27,3
SWE,2000,23,3
SWE,2004,12,5
SWE,2008,7,0
SWE,2012,22,2
SWE,2016,25,1
SWE,2020,33,6
SWE,2024,14,3
SWZ,1972,0,0
SWZ,1984,0,0
SWZ,1988,0,0
SWZ,1992,0,0
SWZ,1996,0,0
SWZ,2000,0,0
SWZ,2004,0,0
SWZ,2008,0,0
SWZ,2012,0,0
SWZ,2016,0,0
SWZ,2020,0,0
SWZ,2024,0,0
SYR,1968,0,0
SYR,1972,0,0
SYR,1980,0,0
SYR,1984,1,0
SYR,1988,0,0
SYR,1992,0,0
SYR,1996,1,1
SYR,2000,0,0
SYR,2004,1,0
SYR,2008,0,0
SYR,2012,0,0
SYR,2016,0,0
SYR,2020,1,0
SYR,2024,0,0
TAN,1964,0,0
TAN,1968,0,0
TAN,1972,0,0
TAN,1980,2,0
TAN,1984,0,0
TAN,1988,0,0
TAN,1992,0,0
TAN,1996,0,0
TAN,2000,0,0
TAN,2004,0,0
TAN,2008,0,0
TAN,2012,0,0
TAN,2016,0,0
TAN,2020,0,0
TAN,2024,0,0
TCH,1920,2,0
TCH,1924,10,1
TCH,1928,16,2
TCH,1932,4,1
TCH,1936,17,5
TCH,1948,20,14
TCH,1952,25,11
TCH,1956,7,1
TCH,1960,22,4
TCH,1964,54,5
TCH,1968,28,6
TCH,1972,28,2
TCH,1976,15,2
TCH,1980,35,17
TCH,1988,10,3
TCH,1992,8,4
TGA,1984,0,0
TGA,1988,0,0
TGA,1992,0,0
TGA,1996,1,0
TGA,2000,0,0
TGA,2004,0,0
TGA,2008,0,0
TGA,2012,0,0
TGA,2016,0,0
TGA,2020,0,0
TGA,2024,0,0
THA,1952,0,0
THA,1956,0,0
THA,1960,0,0
THA,1964,0,0
THA,1968,0,0
THA,1972,0,0
THA,1976,1,0
THA,1984,1,0
THA,1988,1,0
THA,1992,1,0
THA,1996,2,1
THA,2000,3,1
THA,2004,8,3
THA,2008,4,2
THA,2012,3,0
THA,2016,6,2
THA,2020,2,1
THA,2024,6,1
TJK,1996,0,0
TJK,2000,0,0
TJK,2004,0,0
TJK,2008,2,0
TJK,2012,1,0
TJK,2016,1,1
TJK,2020,0,0
TJK,2024,3,0
TKM,1996,0,0
TKM,2000,0,0
TKM,2004,0,0
TKM,2008,0,0
TKM,2012,0,0
TKM,2016,0,0
TKM,2020,1,0
TKM,2024,0,0
TLS,2004,0,0
TLS,2008,0,0
TLS,2012,0,0
TLS,2016,0,0
TLS,2020,0,0
TLS,2024,0,0
TOG,1972,0,0
TOG,1984,0,0
TOG,1988,0,0
TOG,1992,0,0
TOG,1996,0,0
TOG,2000,0,0
TOG,2004,0,0
TOG,2008,1,0
TOG,2012,0,0
TOG,2016,0,0
TOG,2020,0,0
TOG,2024,0,0
TPE,1956,0,0
TPE,1960,1,0
TPE,1964,0,0
TPE,1968,1,0
TPE,1972,0,0
TPE,1984,1,0
TPE,1988,0,0
TPE,1992,0,0
TPE,1996,1,0
TPE,2000,5,0
TPE,2004,9,2
TPE,2008,4,0
TPE,2012,2,0
TPE,2016,5,1
TPE,2020,15,3
TPE,2024,8,3
TTO,1948,1,0
TTO,1952,2,0
TTO,1956,0,0
TTO,1964,6,0
TTO,1968,0,0
TTO,1972,0,0
TTO,1976,1,1
TTO,1980,0,0
TTO,1984,0,0
TTO,1988,0,0
TTO,1992,0,0
TTO,1996,2,0
TTO,2000,2,0
TTO,2004,0,0
TTO,2008,6,5
TTO,2012,10,1
TTO,2016,1,0
TTO,2020,0,0
TTO,2024,0,0
TUN,1960,0,0
TUN,1964,2,0
TUN,1968,2,1
TUN,1972,1,0
TUN,1976,0,0
TUN,1984,0,0
TUN,1988,0,0
TUN,1992,0,0
TUN,1996,1,0
TUN,2000,0,0
TUN,2004,0,0
TUN,2008,0,0
TUN,2012,1,0
TUN,2016,3,0
TUN,2020,1,0
TUN,2024,3,1
TUR,1906,0,0
TUR,1912,0,0
TUR,1924,0,0
TUR,1928,0,0
TUR,1936,2,1
TUR,1948,12,6
TUR,1952,3,2
TUR,1956,7,3
TUR,1960,9,7
TUR,1964,6,2
TUR,1968,2,2
TUR,1972,1,0
TUR,1976,0,0
TUR,1984,3,0
TUR,1988,2,1
TUR,1992,6,2
TUR,1996,6,4
TUR,2000,5,3
TUR,2004,11,3
TUR,2008,7,1
TUR,2012,5,2
TUR,2016,8,1
TUR,2020,9,2
TUR,2024,11,0
TUV,2008,0,0
TUV,2012,0,0
TUV,2016,0,0
TUV,2020,0,0
TUV,2024,0,0
UAE,1984,0,0
UAE,1988,0,0
UAE,1992,0,0
UAE,1996,0,0
UAE,2000,0,0
UAE,2004,1,1
UAE,2008,0,0
UAE,2012,0,0
UAE,2016,1,0
UAE,2020,0,0
UAE,2024,0,0
UAR,1960,2,0
UGA,1956,0,0
UGA,1960,0,0
UGA,1964,0,0
UGA,1968,2,0
UGA,1972,2,1
UGA,1980,1,0
UGA,1984,0,0
UGA,1988,0,0
UGA,1992,0,0
UGA,1996,1,0
UGA,2000,0,0
UGA,2004,0,0
UGA,2008,0,0
UGA,2012,1,1
UGA,2016,0,0
UGA,2020,4,2
UGA,2024,2,1
UKR,1996,34,10
UKR,2000,28,1
UKR,2004,43,5
UKR,2008,29,10
UKR,2012,26,9
UKR,2016,15,2
UKR,2020,12,1
UKR,2024,14,6
URS,1952,117,36
URS,1956,154,68
URS,1960,157,61
URS,1964,154,59
URS,1968,157,65
URS,1972,188,95
URS,1976,269,112
URS,1980,353,160
URS,1988,266,132
URU,1924,14,14
URU,1928,17,17
URU,1932,1,0
URU,1936,0,0
URU,1948,3,0
URU,1952,14,0
URU,1956,12,0
URU,1960,0,0
URU,1964,1,0
URU,1968,0,0
URU,1972,0,0
URU,1976,0,0
URU,1984,0,0
URU,1988,0,0
URU,1992,0,0
URU,1996,0,0
URU,2000,1,0
URU,2004,0,0
URU,2008,0,0
URU,2012,0,0
URU,2016,0,0
URU,2020,0,0
URU,2024,0,0
USA,1896,20,11
USA,1900,59,28
USA,1904,320,107
USA,1906,23,11
USA,1908,58,32
USA,1912,99,43
USA,1920,148,94
USA,1924,132,77
USA,1928,58,27
USA,1932,133,66
USA,1936,68,45
USA,1948,117,65
USA,1952,106,68
USA,1956,92,56
USA,1960,79,45
USA,1964,100,47
USA,1968,77,45
USA,1972,83,20
USA,1976,104,39
USA,1984,249,131
USA,1988,141,61
USA,1992,162,50
USA,1996,152,87
USA,2000,123,53
USA,2004,160,72
USA,2008,184,96
USA,2012,161,91
USA,2016,175,78
USA,2020,180,77
USA,2024,226,104
UZB,1996,2,0
UZB,2000,4,1
UZB,2004,5,2
UZB,2008,5,1
UZB,2012,3,1
UZB,2016,13,4
UZB,2020,5,3
UZB,2024,13,8
VAN,1988,0,0
VAN,1992,0,0
VAN,1996,0,0
VAN,2000,0,0
VAN,2004,0,0
VAN,2008,0,0
VAN,2012,0,0
VAN,2016,0,0
VAN,2020,0,0
VAN,2024,0,0
VEN,1948,0,0
VEN,1952,1,0
VEN,1956,0,0
VEN,1960,1,0
VEN,1964,0,0
VEN,1968,1,1
VEN,1972,0,0
VEN,1976,1,0
VEN,1980,1,0
VEN,1984,2,0
VEN,1988,0,0
VEN,1992,0,0
VEN,1996,0,0
VEN,2000,0,0
VEN,2004,2,0
VEN,2008,1,0
VEN,2012,1,1
VEN,2016,3,0
VEN,2020,4,1
VEN,2024,0,0
VIE,1980,0,0
VIE,1988,0,0
VIE,1992,0,0
VIE,1996,0,0
VIE,2000,1,0
VIE,2004,0,0
VIE,2008,1,0
VIE,2012,0,0
VIE,2016,2,1
VIE,2020,0,0
VIE,2024,0,0
VIN,1988,0,0
VIN,1992,0,0
VIN,1996,0,0
VIN,2000,0,0
VIN,2004,0,0
VIN,2008,0,0
VIN,2012,0,0
VIN,2016,0,0
VIN,2020,0,0
VIN,2024,0,0
VNM,1952,0,0
VNM,1956,0,0
VNM,1960,0,0
VNM,1964,0,0
VNM,1968,0,0
VNM,1972,0,0
WIF,1960,5,0
YAR,1984,0,0
YAR,1988,0,0
YEM,1992,0,0
YEM,1996,0,0
YEM,2000,0,0
YEM,2004,0,0
YEM,2008,0,0
YEM,2012,0,0
YEM,2016,0,0
YEM,2020,0,0
YEM,2024,0,0
YMD,1988,0,0
YUG,1920,0,0
YUG,1924,2,2
YUG,1928,12,1
YUG,1932,0,0
YUG,1936,1,0
YUG,1948,16,0
YUG,1952,15,4
YUG,1956,15,0
YUG,1960,17,16
YUG,1964,4,2
YUG,1968,16,1
YUG,1972,18,15
YUG,1976,19,2
YUG,1980,46,13
YUG,1984,74,34
YUG,1988,50,2
ZAM,1964,0,0
ZAM,1968,0,0
ZAM,1972,0,0
ZAM,1980,0,0
ZAM,1984,1,0
ZAM,1988,0,0
ZAM,1992,0,0
ZAM,1996,1,0
ZAM,2000,0,0
ZAM,2004,0,0
ZAM,2008,0,0
ZAM,2012,0,0
ZAM,2016,0,0
ZAM,2020,0,0
ZAM,2024,1,0
ZIM,1928,0,0
ZIM,1964,0,0
ZIM,1980,0,0
ZIM,1984,0,0
ZIM,1988,0,0
ZIM,1992,0,0
ZIM,1996,0,0
ZIM,2000,0,0
ZIM,2004,0,0
ZIM,2008,0,0
ZIM,2012,0,0
ZIM,2016,0,0
ZIM,2020,0,0
ZIM,2024,0,0
